; ======================================================================
; Prusawire CoreXZ demo: Showreel (all demos)
; Motion only - no heating, no extrusion. Generated by make_demos.py
; Safe box: X 15.0-235.0  Y 20.0-190.0  Z 25.0-170.0
; Requested speeds capped at 300 mm/s; Klipper further clamps to printer.cfg limits.
; Clear the bed before running!
; ======================================================================
M107                ; part fan off (nothing to cool)
CHOME               ; home (stock macro homes only if needed)
G90                 ; absolute positioning
G21                 ; millimetres
G1 Z97.500 F3600   ; lift to demo height
G1 X125.000 Y105.000 F9000  ; centre
; ---- Z zigzag ----
M117 Z zigzag - Z as fast as X
RESPOND MSG="Z zigzag - Z as fast as X"
G1 X20.000 Z27.500 F9000
G4 P500
M117 Z zigzag 100 mm/s
RESPOND MSG="Z zigzag 100 mm/s"
G1 X33.125 Z167.500 F6000
G1 X46.250 Z27.500 F6000
G1 X59.375 Z167.500 F6000
G1 X72.500 Z27.500 F6000
G1 X85.625 Z167.500 F6000
G1 X98.750 Z27.500 F6000
G1 X111.875 Z167.500 F6000
G1 X125.000 Z27.500 F6000
G1 X138.125 Z167.500 F6000
G1 X151.250 Z27.500 F6000
G1 X164.375 Z167.500 F6000
G1 X177.500 Z27.500 F6000
G1 X190.625 Z167.500 F6000
G1 X203.750 Z27.500 F6000
G1 X216.875 Z167.500 F6000
G1 X230.000 Z27.500 F6000
G1 X216.875 Z167.500 F6000
G1 X203.750 Z27.500 F6000
G1 X190.625 Z167.500 F6000
G1 X177.500 Z27.500 F6000
G1 X164.375 Z167.500 F6000
G1 X151.250 Z27.500 F6000
G1 X138.125 Z167.500 F6000
G1 X125.000 Z27.500 F6000
G1 X111.875 Z167.500 F6000
G1 X98.750 Z27.500 F6000
G1 X85.625 Z167.500 F6000
G1 X72.500 Z27.500 F6000
G1 X59.375 Z167.500 F6000
G1 X46.250 Z27.500 F6000
G1 X33.125 Z167.500 F6000
G1 X20.000 Z27.500 F6000
G4 P400
M117 Z zigzag 200 mm/s
RESPOND MSG="Z zigzag 200 mm/s"
G1 X33.125 Z167.500 F12000
G1 X46.250 Z27.500 F12000
G1 X59.375 Z167.500 F12000
G1 X72.500 Z27.500 F12000
G1 X85.625 Z167.500 F12000
G1 X98.750 Z27.500 F12000
G1 X111.875 Z167.500 F12000
G1 X125.000 Z27.500 F12000
G1 X138.125 Z167.500 F12000
G1 X151.250 Z27.500 F12000
G1 X164.375 Z167.500 F12000
G1 X177.500 Z27.500 F12000
G1 X190.625 Z167.500 F12000
G1 X203.750 Z27.500 F12000
G1 X216.875 Z167.500 F12000
G1 X230.000 Z27.500 F12000
G1 X216.875 Z167.500 F12000
G1 X203.750 Z27.500 F12000
G1 X190.625 Z167.500 F12000
G1 X177.500 Z27.500 F12000
G1 X164.375 Z167.500 F12000
G1 X151.250 Z27.500 F12000
G1 X138.125 Z167.500 F12000
G1 X125.000 Z27.500 F12000
G1 X111.875 Z167.500 F12000
G1 X98.750 Z27.500 F12000
G1 X85.625 Z167.500 F12000
G1 X72.500 Z27.500 F12000
G1 X59.375 Z167.500 F12000
G1 X46.250 Z27.500 F12000
G1 X33.125 Z167.500 F12000
G1 X20.000 Z27.500 F12000
G4 P400
M117 Z zigzag 300 mm/s
RESPOND MSG="Z zigzag 300 mm/s"
G1 X33.125 Z167.500 F18000
G1 X46.250 Z27.500 F18000
G1 X59.375 Z167.500 F18000
G1 X72.500 Z27.500 F18000
G1 X85.625 Z167.500 F18000
G1 X98.750 Z27.500 F18000
G1 X111.875 Z167.500 F18000
G1 X125.000 Z27.500 F18000
G1 X138.125 Z167.500 F18000
G1 X151.250 Z27.500 F18000
G1 X164.375 Z167.500 F18000
G1 X177.500 Z27.500 F18000
G1 X190.625 Z167.500 F18000
G1 X203.750 Z27.500 F18000
G1 X216.875 Z167.500 F18000
G1 X230.000 Z27.500 F18000
G1 X216.875 Z167.500 F18000
G1 X203.750 Z27.500 F18000
G1 X190.625 Z167.500 F18000
G1 X177.500 Z27.500 F18000
G1 X164.375 Z167.500 F18000
G1 X151.250 Z27.500 F18000
G1 X138.125 Z167.500 F18000
G1 X125.000 Z27.500 F18000
G1 X111.875 Z167.500 F18000
G1 X98.750 Z27.500 F18000
G1 X85.625 Z167.500 F18000
G1 X72.500 Z27.500 F18000
G1 X59.375 Z167.500 F18000
G1 X46.250 Z27.500 F18000
G1 X33.125 Z167.500 F18000
G1 X20.000 Z27.500 F18000
G4 P400
M117 Top-speed reversals 300 mm/s
RESPOND MSG="Top-speed reversals 300 mm/s"
G1 Z97.500 F9000
G1 X28.750 Z120.000 F18000
G1 X37.500 Z75.000 F18000
G1 X46.250 Z120.000 F18000
G1 X55.000 Z75.000 F18000
G1 X63.750 Z120.000 F18000
G1 X72.500 Z75.000 F18000
G1 X81.250 Z120.000 F18000
G1 X90.000 Z75.000 F18000
G1 X98.750 Z120.000 F18000
G1 X107.500 Z75.000 F18000
G1 X116.250 Z120.000 F18000
G1 X125.000 Z75.000 F18000
G1 X133.750 Z120.000 F18000
G1 X142.500 Z75.000 F18000
G1 X151.250 Z120.000 F18000
G1 X160.000 Z75.000 F18000
G1 X168.750 Z120.000 F18000
G1 X177.500 Z75.000 F18000
G1 X186.250 Z120.000 F18000
G1 X195.000 Z75.000 F18000
G1 X203.750 Z120.000 F18000
G1 X212.500 Z75.000 F18000
G1 X221.250 Z120.000 F18000
G1 X230.000 Z75.000 F18000
G1 X221.250 Z120.000 F18000
G1 X212.500 Z75.000 F18000
G1 X203.750 Z120.000 F18000
G1 X195.000 Z75.000 F18000
G1 X186.250 Z120.000 F18000
G1 X177.500 Z75.000 F18000
G1 X168.750 Z120.000 F18000
G1 X160.000 Z75.000 F18000
G1 X151.250 Z120.000 F18000
G1 X142.500 Z75.000 F18000
G1 X133.750 Z120.000 F18000
G1 X125.000 Z75.000 F18000
G1 X116.250 Z120.000 F18000
G1 X107.500 Z75.000 F18000
G1 X98.750 Z120.000 F18000
G1 X90.000 Z75.000 F18000
G1 X81.250 Z120.000 F18000
G1 X72.500 Z75.000 F18000
G1 X63.750 Z120.000 F18000
G1 X55.000 Z75.000 F18000
G1 X46.250 Z120.000 F18000
G1 X37.500 Z75.000 F18000
G1 X28.750 Z120.000 F18000
G1 X20.000 Z75.000 F18000
G1 X125.000 Z97.500 F9000
G4 P400
G4 P1500
; ---- Z sprint vs MK3S ----
G1 Z27.000 F6000
G4 P600
M117 Z sprint 12 mm/s (MK3S leadscrew max)
RESPOND MSG="Z sprint 12 mm/s (MK3S leadscrew max)"
G1 Z168.000 F720
G4 P150
G1 Z27.000 F720
G4 P150
G4 P500
M117 Z sprint 60 mm/s
RESPOND MSG="Z sprint 60 mm/s"
G1 Z168.000 F3600
G4 P150
G1 Z27.000 F3600
G4 P150
G1 Z168.000 F3600
G4 P150
G1 Z27.000 F3600
G4 P150
G4 P500
M117 Z sprint 150 mm/s
RESPOND MSG="Z sprint 150 mm/s"
G1 Z168.000 F9000
G4 P150
G1 Z27.000 F9000
G4 P150
G1 Z168.000 F9000
G4 P150
G1 Z27.000 F9000
G4 P150
G4 P500
M117 Z sprint 300 mm/s
RESPOND MSG="Z sprint 300 mm/s"
G1 Z168.000 F18000
G4 P150
G1 Z27.000 F18000
G4 P150
G1 Z168.000 F18000
G4 P150
G1 Z27.000 F18000
G4 P150
G4 P500
G1 Z97.500 F9000
G4 P1500
; ---- One-motor diamond ----
M117 Diamond - each edge uses ONE motor
RESPOND MSG="Diamond - each edge uses ONE motor"
G1 X190.000 F9000
G4 P400
G1 X125.000 Z162.500 F18000
G1 X60.000 Z97.500 F18000
G1 X125.000 Z32.500 F18000
G1 X190.000 Z97.500 F18000
G1 X125.000 Z162.500 F18000
G1 X60.000 Z97.500 F18000
G1 X125.000 Z32.500 F18000
G1 X190.000 Z97.500 F18000
G1 X125.000 Z162.500 F18000
G1 X60.000 Z97.500 F18000
G1 X125.000 Z32.500 F18000
G1 X190.000 Z97.500 F18000
G4 P500
M117 Square - each edge uses BOTH motors
RESPOND MSG="Square - each edge uses BOTH motors"
G1 Z162.500 F9000
G4 P400
G1 X60.000 F18000
G1 Z32.500 F18000
G1 X190.000 F18000
G1 Z162.500 F18000
G1 X60.000 F18000
G1 Z32.500 F18000
G1 X190.000 F18000
G1 Z162.500 F18000
G1 X60.000 F18000
G1 Z32.500 F18000
G1 X190.000 F18000
G1 Z162.500 F18000
G4 P500
M117 Nested diamonds
RESPOND MSG="Nested diamonds"
G1 X185.000 Z97.500 F18000
G1 X125.000 Z157.500 F18000
G1 X65.000 Z97.500 F18000
G1 X125.000 Z37.500 F18000
G1 X185.000 Z97.500 F18000
G1 X170.000 F18000
G1 X125.000 Z142.500 F18000
G1 X80.000 Z97.500 F18000
G1 X125.000 Z52.500 F18000
G1 X170.000 Z97.500 F18000
G1 X155.000 F18000
G1 X125.000 Z127.500 F18000
G1 X95.000 Z97.500 F18000
G1 X125.000 Z67.500 F18000
G1 X155.000 Z97.500 F18000
G1 X140.000 F18000
G1 X125.000 Z112.500 F18000
G1 X110.000 Z97.500 F18000
G1 X125.000 Z82.500 F18000
G1 X140.000 Z97.500 F18000
G1 X155.000 F18000
G1 X125.000 Z127.500 F18000
G1 X95.000 Z97.500 F18000
G1 X125.000 Z67.500 F18000
G1 X155.000 Z97.500 F18000
G1 X170.000 F18000
G1 X125.000 Z142.500 F18000
G1 X80.000 Z97.500 F18000
G1 X125.000 Z52.500 F18000
G1 X170.000 Z97.500 F18000
G1 X185.000 F18000
G1 X125.000 Z157.500 F18000
G1 X65.000 Z97.500 F18000
G1 X125.000 Z37.500 F18000
G1 X185.000 Z97.500 F18000
G1 X125.000 F9000
G4 P400
G4 P1500
; ---- Vertical curves ----
M117 Vertical circles
RESPOND MSG="Vertical circles"
G1 X185.000 F9000
G1 X184.918 Z100.640 F6000
G1 X184.671 Z103.772 F6000
G1 X184.261 Z106.886 F6000
G1 X183.689 Z109.975 F6000
G1 X182.956 Z113.029 F6000
G1 X182.063 Z116.041 F6000
G1 X181.015 Z119.002 F6000
G1 X179.813 Z121.904 F6000
G1 X178.460 Z124.739 F6000
G1 X176.962 Z127.500 F6000
G1 X175.320 Z130.178 F6000
G1 X173.541 Z132.767 F6000
G1 X171.629 Z135.259 F6000
G1 X169.589 Z137.648 F6000
G1 X167.426 Z139.926 F6000
G1 X165.148 Z142.089 F6000
G1 X162.759 Z144.129 F6000
G1 X160.267 Z146.041 F6000
G1 X157.678 Z147.820 F6000
G1 X155.000 Z149.462 F6000
G1 X152.239 Z150.960 F6000
G1 X149.404 Z152.313 F6000
G1 X146.502 Z153.515 F6000
G1 X143.541 Z154.563 F6000
G1 X140.529 Z155.456 F6000
G1 X137.475 Z156.189 F6000
G1 X134.386 Z156.761 F6000
G1 X131.272 Z157.171 F6000
G1 X128.140 Z157.418 F6000
G1 X125.000 Z157.500 F6000
G1 X121.860 Z157.418 F6000
G1 X118.728 Z157.171 F6000
G1 X115.614 Z156.761 F6000
G1 X112.525 Z156.189 F6000
G1 X109.471 Z155.456 F6000
G1 X106.459 Z154.563 F6000
G1 X103.498 Z153.515 F6000
G1 X100.596 Z152.313 F6000
G1 X97.761 Z150.960 F6000
G1 X95.000 Z149.462 F6000
G1 X92.322 Z147.820 F6000
G1 X89.733 Z146.041 F6000
G1 X87.241 Z144.129 F6000
G1 X84.852 Z142.089 F6000
G1 X82.574 Z139.926 F6000
G1 X80.411 Z137.648 F6000
G1 X78.371 Z135.259 F6000
G1 X76.459 Z132.767 F6000
G1 X74.680 Z130.178 F6000
G1 X73.038 Z127.500 F6000
G1 X71.540 Z124.739 F6000
G1 X70.187 Z121.904 F6000
G1 X68.985 Z119.002 F6000
G1 X67.937 Z116.041 F6000
G1 X67.044 Z113.029 F6000
G1 X66.311 Z109.975 F6000
G1 X65.739 Z106.886 F6000
G1 X65.329 Z103.772 F6000
G1 X65.082 Z100.640 F6000
G1 X65.000 Z97.500 F6000
G1 X65.082 Z94.360 F6000
G1 X65.329 Z91.228 F6000
G1 X65.739 Z88.114 F6000
G1 X66.311 Z85.025 F6000
G1 X67.044 Z81.971 F6000
G1 X67.937 Z78.959 F6000
G1 X68.985 Z75.998 F6000
G1 X70.187 Z73.096 F6000
G1 X71.540 Z70.261 F6000
G1 X73.038 Z67.500 F6000
G1 X74.680 Z64.822 F6000
G1 X76.459 Z62.233 F6000
G1 X78.371 Z59.741 F6000
G1 X80.411 Z57.352 F6000
G1 X82.574 Z55.074 F6000
G1 X84.852 Z52.911 F6000
G1 X87.241 Z50.871 F6000
G1 X89.733 Z48.959 F6000
G1 X92.322 Z47.180 F6000
G1 X95.000 Z45.538 F6000
G1 X97.761 Z44.040 F6000
G1 X100.596 Z42.687 F6000
G1 X103.498 Z41.485 F6000
G1 X106.459 Z40.437 F6000
G1 X109.471 Z39.544 F6000
G1 X112.525 Z38.811 F6000
G1 X115.614 Z38.239 F6000
G1 X118.728 Z37.829 F6000
G1 X121.860 Z37.582 F6000
G1 X125.000 Z37.500 F6000
G1 X128.140 Z37.582 F6000
G1 X131.272 Z37.829 F6000
G1 X134.386 Z38.239 F6000
G1 X137.475 Z38.811 F6000
G1 X140.529 Z39.544 F6000
G1 X143.541 Z40.437 F6000
G1 X146.502 Z41.485 F6000
G1 X149.404 Z42.687 F6000
G1 X152.239 Z44.040 F6000
G1 X155.000 Z45.538 F6000
G1 X157.678 Z47.180 F6000
G1 X160.267 Z48.959 F6000
G1 X162.759 Z50.871 F6000
G1 X165.148 Z52.911 F6000
G1 X167.426 Z55.074 F6000
G1 X169.589 Z57.352 F6000
G1 X171.629 Z59.741 F6000
G1 X173.541 Z62.233 F6000
G1 X175.320 Z64.822 F6000
G1 X176.962 Z67.500 F6000
G1 X178.460 Z70.261 F6000
G1 X179.813 Z73.096 F6000
G1 X181.015 Z75.998 F6000
G1 X182.063 Z78.959 F6000
G1 X182.956 Z81.971 F6000
G1 X183.689 Z85.025 F6000
G1 X184.261 Z88.114 F6000
G1 X184.671 Z91.228 F6000
G1 X184.918 Z94.360 F6000
G1 X185.000 Z97.500 F6000
G1 X184.918 Z100.640 F6000
G1 X184.671 Z103.772 F6000
G1 X184.261 Z106.886 F6000
G1 X183.689 Z109.975 F6000
G1 X182.956 Z113.029 F6000
G1 X182.063 Z116.041 F6000
G1 X181.015 Z119.002 F6000
G1 X179.813 Z121.904 F6000
G1 X178.460 Z124.739 F6000
G1 X176.962 Z127.500 F6000
G1 X175.320 Z130.178 F6000
G1 X173.541 Z132.767 F6000
G1 X171.629 Z135.259 F6000
G1 X169.589 Z137.648 F6000
G1 X167.426 Z139.926 F6000
G1 X165.148 Z142.089 F6000
G1 X162.759 Z144.129 F6000
G1 X160.267 Z146.041 F6000
G1 X157.678 Z147.820 F6000
G1 X155.000 Z149.462 F6000
G1 X152.239 Z150.960 F6000
G1 X149.404 Z152.313 F6000
G1 X146.502 Z153.515 F6000
G1 X143.541 Z154.563 F6000
G1 X140.529 Z155.456 F6000
G1 X137.475 Z156.189 F6000
G1 X134.386 Z156.761 F6000
G1 X131.272 Z157.171 F6000
G1 X128.140 Z157.418 F6000
G1 X125.000 Z157.500 F6000
G1 X121.860 Z157.418 F6000
G1 X118.728 Z157.171 F6000
G1 X115.614 Z156.761 F6000
G1 X112.525 Z156.189 F6000
G1 X109.471 Z155.456 F6000
G1 X106.459 Z154.563 F6000
G1 X103.498 Z153.515 F6000
G1 X100.596 Z152.313 F6000
G1 X97.761 Z150.960 F6000
G1 X95.000 Z149.462 F6000
G1 X92.322 Z147.820 F6000
G1 X89.733 Z146.041 F6000
G1 X87.241 Z144.129 F6000
G1 X84.852 Z142.089 F6000
G1 X82.574 Z139.926 F6000
G1 X80.411 Z137.648 F6000
G1 X78.371 Z135.259 F6000
G1 X76.459 Z132.767 F6000
G1 X74.680 Z130.178 F6000
G1 X73.038 Z127.500 F6000
G1 X71.540 Z124.739 F6000
G1 X70.187 Z121.904 F6000
G1 X68.985 Z119.002 F6000
G1 X67.937 Z116.041 F6000
G1 X67.044 Z113.029 F6000
G1 X66.311 Z109.975 F6000
G1 X65.739 Z106.886 F6000
G1 X65.329 Z103.772 F6000
G1 X65.082 Z100.640 F6000
G1 X65.000 Z97.500 F6000
G1 X65.082 Z94.360 F6000
G1 X65.329 Z91.228 F6000
G1 X65.739 Z88.114 F6000
G1 X66.311 Z85.025 F6000
G1 X67.044 Z81.971 F6000
G1 X67.937 Z78.959 F6000
G1 X68.985 Z75.998 F6000
G1 X70.187 Z73.096 F6000
G1 X71.540 Z70.261 F6000
G1 X73.038 Z67.500 F6000
G1 X74.680 Z64.822 F6000
G1 X76.459 Z62.233 F6000
G1 X78.371 Z59.741 F6000
G1 X80.411 Z57.352 F6000
G1 X82.574 Z55.074 F6000
G1 X84.852 Z52.911 F6000
G1 X87.241 Z50.871 F6000
G1 X89.733 Z48.959 F6000
G1 X92.322 Z47.180 F6000
G1 X95.000 Z45.538 F6000
G1 X97.761 Z44.040 F6000
G1 X100.596 Z42.687 F6000
G1 X103.498 Z41.485 F6000
G1 X106.459 Z40.437 F6000
G1 X109.471 Z39.544 F6000
G1 X112.525 Z38.811 F6000
G1 X115.614 Z38.239 F6000
G1 X118.728 Z37.829 F6000
G1 X121.860 Z37.582 F6000
G1 X125.000 Z37.500 F6000
G1 X128.140 Z37.582 F6000
G1 X131.272 Z37.829 F6000
G1 X134.386 Z38.239 F6000
G1 X137.475 Z38.811 F6000
G1 X140.529 Z39.544 F6000
G1 X143.541 Z40.437 F6000
G1 X146.502 Z41.485 F6000
G1 X149.404 Z42.687 F6000
G1 X152.239 Z44.040 F6000
G1 X155.000 Z45.538 F6000
G1 X157.678 Z47.180 F6000
G1 X160.267 Z48.959 F6000
G1 X162.759 Z50.871 F6000
G1 X165.148 Z52.911 F6000
G1 X167.426 Z55.074 F6000
G1 X169.589 Z57.352 F6000
G1 X171.629 Z59.741 F6000
G1 X173.541 Z62.233 F6000
G1 X175.320 Z64.822 F6000
G1 X176.962 Z67.500 F6000
G1 X178.460 Z70.261 F6000
G1 X179.813 Z73.096 F6000
G1 X181.015 Z75.998 F6000
G1 X182.063 Z78.959 F6000
G1 X182.956 Z81.971 F6000
G1 X183.689 Z85.025 F6000
G1 X184.261 Z88.114 F6000
G1 X184.671 Z91.228 F6000
G1 X184.918 Z94.360 F6000
G1 X185.000 Z97.500 F6000
G1 X184.918 Z100.640 F12000
G1 X184.671 Z103.772 F12000
G1 X184.261 Z106.886 F12000
G1 X183.689 Z109.975 F12000
G1 X182.956 Z113.029 F12000
G1 X182.063 Z116.041 F12000
G1 X181.015 Z119.002 F12000
G1 X179.813 Z121.904 F12000
G1 X178.460 Z124.739 F12000
G1 X176.962 Z127.500 F12000
G1 X175.320 Z130.178 F12000
G1 X173.541 Z132.767 F12000
G1 X171.629 Z135.259 F12000
G1 X169.589 Z137.648 F12000
G1 X167.426 Z139.926 F12000
G1 X165.148 Z142.089 F12000
G1 X162.759 Z144.129 F12000
G1 X160.267 Z146.041 F12000
G1 X157.678 Z147.820 F12000
G1 X155.000 Z149.462 F12000
G1 X152.239 Z150.960 F12000
G1 X149.404 Z152.313 F12000
G1 X146.502 Z153.515 F12000
G1 X143.541 Z154.563 F12000
G1 X140.529 Z155.456 F12000
G1 X137.475 Z156.189 F12000
G1 X134.386 Z156.761 F12000
G1 X131.272 Z157.171 F12000
G1 X128.140 Z157.418 F12000
G1 X125.000 Z157.500 F12000
G1 X121.860 Z157.418 F12000
G1 X118.728 Z157.171 F12000
G1 X115.614 Z156.761 F12000
G1 X112.525 Z156.189 F12000
G1 X109.471 Z155.456 F12000
G1 X106.459 Z154.563 F12000
G1 X103.498 Z153.515 F12000
G1 X100.596 Z152.313 F12000
G1 X97.761 Z150.960 F12000
G1 X95.000 Z149.462 F12000
G1 X92.322 Z147.820 F12000
G1 X89.733 Z146.041 F12000
G1 X87.241 Z144.129 F12000
G1 X84.852 Z142.089 F12000
G1 X82.574 Z139.926 F12000
G1 X80.411 Z137.648 F12000
G1 X78.371 Z135.259 F12000
G1 X76.459 Z132.767 F12000
G1 X74.680 Z130.178 F12000
G1 X73.038 Z127.500 F12000
G1 X71.540 Z124.739 F12000
G1 X70.187 Z121.904 F12000
G1 X68.985 Z119.002 F12000
G1 X67.937 Z116.041 F12000
G1 X67.044 Z113.029 F12000
G1 X66.311 Z109.975 F12000
G1 X65.739 Z106.886 F12000
G1 X65.329 Z103.772 F12000
G1 X65.082 Z100.640 F12000
G1 X65.000 Z97.500 F12000
G1 X65.082 Z94.360 F12000
G1 X65.329 Z91.228 F12000
G1 X65.739 Z88.114 F12000
G1 X66.311 Z85.025 F12000
G1 X67.044 Z81.971 F12000
G1 X67.937 Z78.959 F12000
G1 X68.985 Z75.998 F12000
G1 X70.187 Z73.096 F12000
G1 X71.540 Z70.261 F12000
G1 X73.038 Z67.500 F12000
G1 X74.680 Z64.822 F12000
G1 X76.459 Z62.233 F12000
G1 X78.371 Z59.741 F12000
G1 X80.411 Z57.352 F12000
G1 X82.574 Z55.074 F12000
G1 X84.852 Z52.911 F12000
G1 X87.241 Z50.871 F12000
G1 X89.733 Z48.959 F12000
G1 X92.322 Z47.180 F12000
G1 X95.000 Z45.538 F12000
G1 X97.761 Z44.040 F12000
G1 X100.596 Z42.687 F12000
G1 X103.498 Z41.485 F12000
G1 X106.459 Z40.437 F12000
G1 X109.471 Z39.544 F12000
G1 X112.525 Z38.811 F12000
G1 X115.614 Z38.239 F12000
G1 X118.728 Z37.829 F12000
G1 X121.860 Z37.582 F12000
G1 X125.000 Z37.500 F12000
G1 X128.140 Z37.582 F12000
G1 X131.272 Z37.829 F12000
G1 X134.386 Z38.239 F12000
G1 X137.475 Z38.811 F12000
G1 X140.529 Z39.544 F12000
G1 X143.541 Z40.437 F12000
G1 X146.502 Z41.485 F12000
G1 X149.404 Z42.687 F12000
G1 X152.239 Z44.040 F12000
G1 X155.000 Z45.538 F12000
G1 X157.678 Z47.180 F12000
G1 X160.267 Z48.959 F12000
G1 X162.759 Z50.871 F12000
G1 X165.148 Z52.911 F12000
G1 X167.426 Z55.074 F12000
G1 X169.589 Z57.352 F12000
G1 X171.629 Z59.741 F12000
G1 X173.541 Z62.233 F12000
G1 X175.320 Z64.822 F12000
G1 X176.962 Z67.500 F12000
G1 X178.460 Z70.261 F12000
G1 X179.813 Z73.096 F12000
G1 X181.015 Z75.998 F12000
G1 X182.063 Z78.959 F12000
G1 X182.956 Z81.971 F12000
G1 X183.689 Z85.025 F12000
G1 X184.261 Z88.114 F12000
G1 X184.671 Z91.228 F12000
G1 X184.918 Z94.360 F12000
G1 X185.000 Z97.500 F12000
G1 X184.918 Z100.640 F12000
G1 X184.671 Z103.772 F12000
G1 X184.261 Z106.886 F12000
G1 X183.689 Z109.975 F12000
G1 X182.956 Z113.029 F12000
G1 X182.063 Z116.041 F12000
G1 X181.015 Z119.002 F12000
G1 X179.813 Z121.904 F12000
G1 X178.460 Z124.739 F12000
G1 X176.962 Z127.500 F12000
G1 X175.320 Z130.178 F12000
G1 X173.541 Z132.767 F12000
G1 X171.629 Z135.259 F12000
G1 X169.589 Z137.648 F12000
G1 X167.426 Z139.926 F12000
G1 X165.148 Z142.089 F12000
G1 X162.759 Z144.129 F12000
G1 X160.267 Z146.041 F12000
G1 X157.678 Z147.820 F12000
G1 X155.000 Z149.462 F12000
G1 X152.239 Z150.960 F12000
G1 X149.404 Z152.313 F12000
G1 X146.502 Z153.515 F12000
G1 X143.541 Z154.563 F12000
G1 X140.529 Z155.456 F12000
G1 X137.475 Z156.189 F12000
G1 X134.386 Z156.761 F12000
G1 X131.272 Z157.171 F12000
G1 X128.140 Z157.418 F12000
G1 X125.000 Z157.500 F12000
G1 X121.860 Z157.418 F12000
G1 X118.728 Z157.171 F12000
G1 X115.614 Z156.761 F12000
G1 X112.525 Z156.189 F12000
G1 X109.471 Z155.456 F12000
G1 X106.459 Z154.563 F12000
G1 X103.498 Z153.515 F12000
G1 X100.596 Z152.313 F12000
G1 X97.761 Z150.960 F12000
G1 X95.000 Z149.462 F12000
G1 X92.322 Z147.820 F12000
G1 X89.733 Z146.041 F12000
G1 X87.241 Z144.129 F12000
G1 X84.852 Z142.089 F12000
G1 X82.574 Z139.926 F12000
G1 X80.411 Z137.648 F12000
G1 X78.371 Z135.259 F12000
G1 X76.459 Z132.767 F12000
G1 X74.680 Z130.178 F12000
G1 X73.038 Z127.500 F12000
G1 X71.540 Z124.739 F12000
G1 X70.187 Z121.904 F12000
G1 X68.985 Z119.002 F12000
G1 X67.937 Z116.041 F12000
G1 X67.044 Z113.029 F12000
G1 X66.311 Z109.975 F12000
G1 X65.739 Z106.886 F12000
G1 X65.329 Z103.772 F12000
G1 X65.082 Z100.640 F12000
G1 X65.000 Z97.500 F12000
G1 X65.082 Z94.360 F12000
G1 X65.329 Z91.228 F12000
G1 X65.739 Z88.114 F12000
G1 X66.311 Z85.025 F12000
G1 X67.044 Z81.971 F12000
G1 X67.937 Z78.959 F12000
G1 X68.985 Z75.998 F12000
G1 X70.187 Z73.096 F12000
G1 X71.540 Z70.261 F12000
G1 X73.038 Z67.500 F12000
G1 X74.680 Z64.822 F12000
G1 X76.459 Z62.233 F12000
G1 X78.371 Z59.741 F12000
G1 X80.411 Z57.352 F12000
G1 X82.574 Z55.074 F12000
G1 X84.852 Z52.911 F12000
G1 X87.241 Z50.871 F12000
G1 X89.733 Z48.959 F12000
G1 X92.322 Z47.180 F12000
G1 X95.000 Z45.538 F12000
G1 X97.761 Z44.040 F12000
G1 X100.596 Z42.687 F12000
G1 X103.498 Z41.485 F12000
G1 X106.459 Z40.437 F12000
G1 X109.471 Z39.544 F12000
G1 X112.525 Z38.811 F12000
G1 X115.614 Z38.239 F12000
G1 X118.728 Z37.829 F12000
G1 X121.860 Z37.582 F12000
G1 X125.000 Z37.500 F12000
G1 X128.140 Z37.582 F12000
G1 X131.272 Z37.829 F12000
G1 X134.386 Z38.239 F12000
G1 X137.475 Z38.811 F12000
G1 X140.529 Z39.544 F12000
G1 X143.541 Z40.437 F12000
G1 X146.502 Z41.485 F12000
G1 X149.404 Z42.687 F12000
G1 X152.239 Z44.040 F12000
G1 X155.000 Z45.538 F12000
G1 X157.678 Z47.180 F12000
G1 X160.267 Z48.959 F12000
G1 X162.759 Z50.871 F12000
G1 X165.148 Z52.911 F12000
G1 X167.426 Z55.074 F12000
G1 X169.589 Z57.352 F12000
G1 X171.629 Z59.741 F12000
G1 X173.541 Z62.233 F12000
G1 X175.320 Z64.822 F12000
G1 X176.962 Z67.500 F12000
G1 X178.460 Z70.261 F12000
G1 X179.813 Z73.096 F12000
G1 X181.015 Z75.998 F12000
G1 X182.063 Z78.959 F12000
G1 X182.956 Z81.971 F12000
G1 X183.689 Z85.025 F12000
G1 X184.261 Z88.114 F12000
G1 X184.671 Z91.228 F12000
G1 X184.918 Z94.360 F12000
G1 X185.000 Z97.500 F12000
G1 X184.918 Z100.640 F18000
G1 X184.671 Z103.772 F18000
G1 X184.261 Z106.886 F18000
G1 X183.689 Z109.975 F18000
G1 X182.956 Z113.029 F18000
G1 X182.063 Z116.041 F18000
G1 X181.015 Z119.002 F18000
G1 X179.813 Z121.904 F18000
G1 X178.460 Z124.739 F18000
G1 X176.962 Z127.500 F18000
G1 X175.320 Z130.178 F18000
G1 X173.541 Z132.767 F18000
G1 X171.629 Z135.259 F18000
G1 X169.589 Z137.648 F18000
G1 X167.426 Z139.926 F18000
G1 X165.148 Z142.089 F18000
G1 X162.759 Z144.129 F18000
G1 X160.267 Z146.041 F18000
G1 X157.678 Z147.820 F18000
G1 X155.000 Z149.462 F18000
G1 X152.239 Z150.960 F18000
G1 X149.404 Z152.313 F18000
G1 X146.502 Z153.515 F18000
G1 X143.541 Z154.563 F18000
G1 X140.529 Z155.456 F18000
G1 X137.475 Z156.189 F18000
G1 X134.386 Z156.761 F18000
G1 X131.272 Z157.171 F18000
G1 X128.140 Z157.418 F18000
G1 X125.000 Z157.500 F18000
G1 X121.860 Z157.418 F18000
G1 X118.728 Z157.171 F18000
G1 X115.614 Z156.761 F18000
G1 X112.525 Z156.189 F18000
G1 X109.471 Z155.456 F18000
G1 X106.459 Z154.563 F18000
G1 X103.498 Z153.515 F18000
G1 X100.596 Z152.313 F18000
G1 X97.761 Z150.960 F18000
G1 X95.000 Z149.462 F18000
G1 X92.322 Z147.820 F18000
G1 X89.733 Z146.041 F18000
G1 X87.241 Z144.129 F18000
G1 X84.852 Z142.089 F18000
G1 X82.574 Z139.926 F18000
G1 X80.411 Z137.648 F18000
G1 X78.371 Z135.259 F18000
G1 X76.459 Z132.767 F18000
G1 X74.680 Z130.178 F18000
G1 X73.038 Z127.500 F18000
G1 X71.540 Z124.739 F18000
G1 X70.187 Z121.904 F18000
G1 X68.985 Z119.002 F18000
G1 X67.937 Z116.041 F18000
G1 X67.044 Z113.029 F18000
G1 X66.311 Z109.975 F18000
G1 X65.739 Z106.886 F18000
G1 X65.329 Z103.772 F18000
G1 X65.082 Z100.640 F18000
G1 X65.000 Z97.500 F18000
G1 X65.082 Z94.360 F18000
G1 X65.329 Z91.228 F18000
G1 X65.739 Z88.114 F18000
G1 X66.311 Z85.025 F18000
G1 X67.044 Z81.971 F18000
G1 X67.937 Z78.959 F18000
G1 X68.985 Z75.998 F18000
G1 X70.187 Z73.096 F18000
G1 X71.540 Z70.261 F18000
G1 X73.038 Z67.500 F18000
G1 X74.680 Z64.822 F18000
G1 X76.459 Z62.233 F18000
G1 X78.371 Z59.741 F18000
G1 X80.411 Z57.352 F18000
G1 X82.574 Z55.074 F18000
G1 X84.852 Z52.911 F18000
G1 X87.241 Z50.871 F18000
G1 X89.733 Z48.959 F18000
G1 X92.322 Z47.180 F18000
G1 X95.000 Z45.538 F18000
G1 X97.761 Z44.040 F18000
G1 X100.596 Z42.687 F18000
G1 X103.498 Z41.485 F18000
G1 X106.459 Z40.437 F18000
G1 X109.471 Z39.544 F18000
G1 X112.525 Z38.811 F18000
G1 X115.614 Z38.239 F18000
G1 X118.728 Z37.829 F18000
G1 X121.860 Z37.582 F18000
G1 X125.000 Z37.500 F18000
G1 X128.140 Z37.582 F18000
G1 X131.272 Z37.829 F18000
G1 X134.386 Z38.239 F18000
G1 X137.475 Z38.811 F18000
G1 X140.529 Z39.544 F18000
G1 X143.541 Z40.437 F18000
G1 X146.502 Z41.485 F18000
G1 X149.404 Z42.687 F18000
G1 X152.239 Z44.040 F18000
G1 X155.000 Z45.538 F18000
G1 X157.678 Z47.180 F18000
G1 X160.267 Z48.959 F18000
G1 X162.759 Z50.871 F18000
G1 X165.148 Z52.911 F18000
G1 X167.426 Z55.074 F18000
G1 X169.589 Z57.352 F18000
G1 X171.629 Z59.741 F18000
G1 X173.541 Z62.233 F18000
G1 X175.320 Z64.822 F18000
G1 X176.962 Z67.500 F18000
G1 X178.460 Z70.261 F18000
G1 X179.813 Z73.096 F18000
G1 X181.015 Z75.998 F18000
G1 X182.063 Z78.959 F18000
G1 X182.956 Z81.971 F18000
G1 X183.689 Z85.025 F18000
G1 X184.261 Z88.114 F18000
G1 X184.671 Z91.228 F18000
G1 X184.918 Z94.360 F18000
G1 X185.000 Z97.500 F18000
G1 X184.918 Z100.640 F18000
G1 X184.671 Z103.772 F18000
G1 X184.261 Z106.886 F18000
G1 X183.689 Z109.975 F18000
G1 X182.956 Z113.029 F18000
G1 X182.063 Z116.041 F18000
G1 X181.015 Z119.002 F18000
G1 X179.813 Z121.904 F18000
G1 X178.460 Z124.739 F18000
G1 X176.962 Z127.500 F18000
G1 X175.320 Z130.178 F18000
G1 X173.541 Z132.767 F18000
G1 X171.629 Z135.259 F18000
G1 X169.589 Z137.648 F18000
G1 X167.426 Z139.926 F18000
G1 X165.148 Z142.089 F18000
G1 X162.759 Z144.129 F18000
G1 X160.267 Z146.041 F18000
G1 X157.678 Z147.820 F18000
G1 X155.000 Z149.462 F18000
G1 X152.239 Z150.960 F18000
G1 X149.404 Z152.313 F18000
G1 X146.502 Z153.515 F18000
G1 X143.541 Z154.563 F18000
G1 X140.529 Z155.456 F18000
G1 X137.475 Z156.189 F18000
G1 X134.386 Z156.761 F18000
G1 X131.272 Z157.171 F18000
G1 X128.140 Z157.418 F18000
G1 X125.000 Z157.500 F18000
G1 X121.860 Z157.418 F18000
G1 X118.728 Z157.171 F18000
G1 X115.614 Z156.761 F18000
G1 X112.525 Z156.189 F18000
G1 X109.471 Z155.456 F18000
G1 X106.459 Z154.563 F18000
G1 X103.498 Z153.515 F18000
G1 X100.596 Z152.313 F18000
G1 X97.761 Z150.960 F18000
G1 X95.000 Z149.462 F18000
G1 X92.322 Z147.820 F18000
G1 X89.733 Z146.041 F18000
G1 X87.241 Z144.129 F18000
G1 X84.852 Z142.089 F18000
G1 X82.574 Z139.926 F18000
G1 X80.411 Z137.648 F18000
G1 X78.371 Z135.259 F18000
G1 X76.459 Z132.767 F18000
G1 X74.680 Z130.178 F18000
G1 X73.038 Z127.500 F18000
G1 X71.540 Z124.739 F18000
G1 X70.187 Z121.904 F18000
G1 X68.985 Z119.002 F18000
G1 X67.937 Z116.041 F18000
G1 X67.044 Z113.029 F18000
G1 X66.311 Z109.975 F18000
G1 X65.739 Z106.886 F18000
G1 X65.329 Z103.772 F18000
G1 X65.082 Z100.640 F18000
G1 X65.000 Z97.500 F18000
G1 X65.082 Z94.360 F18000
G1 X65.329 Z91.228 F18000
G1 X65.739 Z88.114 F18000
G1 X66.311 Z85.025 F18000
G1 X67.044 Z81.971 F18000
G1 X67.937 Z78.959 F18000
G1 X68.985 Z75.998 F18000
G1 X70.187 Z73.096 F18000
G1 X71.540 Z70.261 F18000
G1 X73.038 Z67.500 F18000
G1 X74.680 Z64.822 F18000
G1 X76.459 Z62.233 F18000
G1 X78.371 Z59.741 F18000
G1 X80.411 Z57.352 F18000
G1 X82.574 Z55.074 F18000
G1 X84.852 Z52.911 F18000
G1 X87.241 Z50.871 F18000
G1 X89.733 Z48.959 F18000
G1 X92.322 Z47.180 F18000
G1 X95.000 Z45.538 F18000
G1 X97.761 Z44.040 F18000
G1 X100.596 Z42.687 F18000
G1 X103.498 Z41.485 F18000
G1 X106.459 Z40.437 F18000
G1 X109.471 Z39.544 F18000
G1 X112.525 Z38.811 F18000
G1 X115.614 Z38.239 F18000
G1 X118.728 Z37.829 F18000
G1 X121.860 Z37.582 F18000
G1 X125.000 Z37.500 F18000
G1 X128.140 Z37.582 F18000
G1 X131.272 Z37.829 F18000
G1 X134.386 Z38.239 F18000
G1 X137.475 Z38.811 F18000
G1 X140.529 Z39.544 F18000
G1 X143.541 Z40.437 F18000
G1 X146.502 Z41.485 F18000
G1 X149.404 Z42.687 F18000
G1 X152.239 Z44.040 F18000
G1 X155.000 Z45.538 F18000
G1 X157.678 Z47.180 F18000
G1 X160.267 Z48.959 F18000
G1 X162.759 Z50.871 F18000
G1 X165.148 Z52.911 F18000
G1 X167.426 Z55.074 F18000
G1 X169.589 Z57.352 F18000
G1 X171.629 Z59.741 F18000
G1 X173.541 Z62.233 F18000
G1 X175.320 Z64.822 F18000
G1 X176.962 Z67.500 F18000
G1 X178.460 Z70.261 F18000
G1 X179.813 Z73.096 F18000
G1 X181.015 Z75.998 F18000
G1 X182.063 Z78.959 F18000
G1 X182.956 Z81.971 F18000
G1 X183.689 Z85.025 F18000
G1 X184.261 Z88.114 F18000
G1 X184.671 Z91.228 F18000
G1 X184.918 Z94.360 F18000
G1 X185.000 Z97.500 F18000
G4 P400
M117 Spiral in and out
RESPOND MSG="Spiral in and out"
G1 X184.848 Z100.637 F12600
G1 X184.533 Z103.757 F12600
G1 X184.056 Z106.853 F12600
G1 X183.417 Z109.917 F12600
G1 X182.620 Z112.939 F12600
G1 X181.667 Z115.912 F12600
G1 X180.561 Z118.828 F12600
G1 X179.305 Z121.678 F12600
G1 X177.904 Z124.456 F12600
G1 X176.360 Z127.153 F12600
G1 X174.680 Z129.762 F12600
G1 X172.867 Z132.277 F12600
G1 X170.927 Z134.691 F12600
G1 X168.866 Z136.997 F12600
G1 X166.690 Z139.190 F12600
G1 X164.404 Z141.263 F12600
G1 X162.016 Z143.211 F12600
G1 X159.532 Z145.030 F12600
G1 X156.960 Z146.714 F12600
G1 X154.306 Z148.259 F12600
G1 X151.577 Z149.661 F12600
G1 X148.783 Z150.917 F12600
G1 X145.930 Z152.024 F12600
G1 X143.026 Z152.978 F12600
G1 X140.080 Z153.779 F12600
G1 X137.099 Z154.423 F12600
G1 X134.093 Z154.909 F12600
G1 X131.068 Z155.238 F12600
G1 X128.035 Z155.407 F12600
G1 X125.000 Z155.417 F12600
G1 X121.973 Z155.268 F12600
G1 X118.961 Z154.961 F12600
G1 X115.972 Z154.498 F12600
G1 X113.016 Z153.879 F12600
G1 X110.100 Z153.108 F12600
G1 X107.232 Z152.186 F12600
G1 X104.419 Z151.116 F12600
G1 X101.669 Z149.902 F12600
G1 X98.990 Z148.547 F12600
G1 X96.389 Z147.056 F12600
G1 X93.872 Z145.432 F12600
G1 X91.447 Z143.681 F12600
G1 X89.120 Z141.808 F12600
G1 X86.897 Z139.818 F12600
G1 X84.783 Z137.717 F12600
G1 X82.785 Z135.510 F12600
G1 X80.908 Z133.205 F12600
G1 X79.156 Z130.808 F12600
G1 X77.534 Z128.325 F12600
G1 X76.046 Z125.764 F12600
G1 X74.695 Z123.132 F12600
G1 X73.486 Z120.435 F12600
G1 X72.421 Z117.683 F12600
G1 X71.503 Z114.882 F12600
G1 X70.734 Z112.041 F12600
G1 X70.115 Z109.166 F12600
G1 X69.648 Z106.267 F12600
G1 X69.334 Z103.351 F12600
G1 X69.174 Z100.426 F12600
G1 X69.167 Z97.500 F12600
G1 X69.313 Z94.582 F12600
G1 X69.611 Z91.678 F12600
G1 X70.060 Z88.798 F12600
G1 X70.658 Z85.949 F12600
G1 X71.405 Z83.139 F12600
G1 X72.296 Z80.375 F12600
G1 X73.329 Z77.665 F12600
G1 X74.501 Z75.017 F12600
G1 X75.809 Z72.436 F12600
G1 X77.248 Z69.931 F12600
G1 X78.815 Z67.507 F12600
G1 X80.504 Z65.172 F12600
G1 X82.311 Z62.931 F12600
G1 X84.230 Z60.791 F12600
G1 X86.256 Z58.756 F12600
G1 X88.384 Z56.833 F12600
G1 X90.606 Z55.027 F12600
G1 X92.917 Z53.341 F12600
G1 X95.310 Z51.781 F12600
G1 X97.778 Z50.350 F12600
G1 X100.314 Z49.052 F12600
G1 X102.912 Z47.889 F12600
G1 X105.564 Z46.866 F12600
G1 X108.262 Z45.984 F12600
G1 X110.999 Z45.246 F12600
G1 X113.767 Z44.653 F12600
G1 X116.559 Z44.206 F12600
G1 X119.367 Z43.906 F12600
G1 X122.183 Z43.754 F12600
G1 X125.000 Z43.750 F12600
G1 X127.809 Z43.893 F12600
G1 X130.604 Z44.183 F12600
G1 X133.376 Z44.618 F12600
G1 X136.118 Z45.196 F12600
G1 X138.822 Z45.917 F12600
G1 X141.481 Z46.777 F12600
G1 X144.088 Z47.774 F12600
G1 X146.636 Z48.904 F12600
G1 X149.118 Z50.165 F12600
G1 X151.528 Z51.553 F12600
G1 X153.858 Z53.062 F12600
G1 X156.104 Z54.690 F12600
G1 X158.258 Z56.430 F12600
G1 X160.315 Z58.278 F12600
G1 X162.270 Z60.230 F12600
G1 X164.118 Z62.278 F12600
G1 X165.854 Z64.417 F12600
G1 X167.473 Z66.641 F12600
G1 X168.972 Z68.944 F12600
G1 X170.346 Z71.319 F12600
G1 X171.592 Z73.760 F12600
G1 X172.707 Z76.259 F12600
G1 X173.689 Z78.810 F12600
G1 X174.534 Z81.405 F12600
G1 X175.242 Z84.038 F12600
G1 X175.809 Z86.700 F12600
G1 X176.236 Z89.385 F12600
G1 X176.522 Z92.085 F12600
G1 X176.665 Z94.792 F12600
G1 X176.667 Z97.500 F12600
G1 X176.527 Z100.200 F12600
G1 X176.246 Z102.886 F12600
G1 X175.825 Z105.550 F12600
G1 X175.266 Z108.184 F12600
G1 X174.571 Z110.782 F12600
G1 X173.742 Z113.337 F12600
G1 X172.781 Z115.841 F12600
G1 X171.692 Z118.289 F12600
G1 X170.478 Z120.672 F12600
G1 X169.143 Z122.986 F12600
G1 X167.691 Z125.224 F12600
G1 X166.125 Z127.379 F12600
G1 X164.451 Z129.447 F12600
G1 X162.673 Z131.421 F12600
G1 X160.797 Z133.297 F12600
G1 X158.828 Z135.070 F12600
G1 X156.772 Z136.735 F12600
G1 X154.634 Z138.288 F12600
G1 X152.421 Z139.725 F12600
G1 X150.139 Z141.042 F12600
G1 X147.794 Z142.236 F12600
G1 X145.393 Z143.304 F12600
G1 X142.943 Z144.244 F12600
G1 X140.451 Z145.053 F12600
G1 X137.923 Z145.729 F12600
G1 X135.367 Z146.272 F12600
G1 X132.789 Z146.679 F12600
G1 X130.197 Z146.950 F12600
G1 X127.599 Z147.085 F12600
G1 X125.000 Z147.083 F12600
G1 X122.409 Z146.946 F12600
G1 X119.832 Z146.674 F12600
G1 X117.276 Z146.267 F12600
G1 X114.749 Z145.728 F12600
G1 X112.257 Z145.058 F12600
G1 X109.807 Z144.260 F12600
G1 X107.405 Z143.336 F12600
G1 X105.059 Z142.289 F12600
G1 X102.773 Z141.122 F12600
G1 X100.556 Z139.839 F12600
G1 X98.411 Z138.443 F12600
G1 X96.345 Z136.940 F12600
G1 X94.364 Z135.332 F12600
G1 X92.473 Z133.625 F12600
G1 X90.676 Z131.824 F12600
G1 X88.978 Z129.934 F12600
G1 X87.384 Z127.961 F12600
G1 X85.898 Z125.910 F12600
G1 X84.522 Z123.786 F12600
G1 X83.262 Z121.597 F12600
G1 X82.120 Z119.348 F12600
G1 X81.099 Z117.046 F12600
G1 X80.201 Z114.697 F12600
G1 X79.429 Z112.307 F12600
G1 X78.783 Z109.884 F12600
G1 X78.266 Z107.434 F12600
G1 X77.879 Z104.963 F12600
G1 X77.622 Z102.480 F12600
G1 X77.496 Z99.990 F12600
G1 X77.500 Z97.500 F12600
G1 X77.634 Z95.018 F12600
G1 X77.898 Z92.549 F12600
G1 X78.291 Z90.102 F12600
G1 X78.810 Z87.682 F12600
G1 X79.454 Z85.296 F12600
G1 X80.221 Z82.950 F12600
G1 X81.109 Z80.652 F12600
G1 X82.114 Z78.406 F12600
G1 X83.234 Z76.219 F12600
G1 X84.465 Z74.097 F12600
G1 X85.804 Z72.046 F12600
G1 X87.246 Z70.070 F12600
G1 X88.787 Z68.175 F12600
G1 X90.423 Z66.367 F12600
G1 X92.149 Z64.649 F12600
G1 X93.960 Z63.026 F12600
G1 X95.850 Z61.503 F12600
G1 X97.815 Z60.083 F12600
G1 X99.848 Z58.770 F12600
G1 X101.944 Z57.567 F12600
G1 X104.098 Z56.477 F12600
G1 X106.301 Z55.502 F12600
G1 X108.550 Z54.646 F12600
G1 X110.837 Z53.910 F12600
G1 X113.155 Z53.295 F12600
G1 X115.500 Z52.804 F12600
G1 X117.863 Z52.437 F12600
G1 X120.238 Z52.194 F12600
G1 X122.619 Z52.076 F12600
G1 X125.000 Z52.083 F12600
G1 X127.373 Z52.215 F12600
G1 X129.733 Z52.470 F12600
G1 X132.072 Z52.848 F12600
G1 X134.385 Z53.348 F12600
G1 X136.665 Z53.966 F12600
G1 X138.906 Z54.702 F12600
G1 X141.102 Z55.554 F12600
G1 X143.247 Z56.517 F12600
G1 X145.335 Z57.590 F12600
G1 X147.361 Z58.769 F12600
G1 X149.320 Z60.051 F12600
G1 X151.205 Z61.431 F12600
G1 X153.013 Z62.906 F12600
G1 X154.739 Z64.471 F12600
G1 X156.378 Z66.122 F12600
G1 X157.925 Z67.854 F12600
G1 X159.378 Z69.661 F12600
G1 X160.732 Z71.539 F12600
G1 X161.983 Z73.483 F12600
G1 X163.129 Z75.486 F12600
G1 X164.167 Z77.543 F12600
G1 X165.094 Z79.649 F12600
G1 X165.909 Z81.797 F12600
G1 X166.609 Z83.981 F12600
G1 X167.192 Z86.195 F12600
G1 X167.658 Z88.433 F12600
G1 X168.006 Z90.689 F12600
G1 X168.234 Z92.956 F12600
G1 X168.343 Z95.228 F12600
G1 X168.333 Z97.500 F12600
G1 X168.205 Z99.764 F12600
G1 X167.958 Z102.015 F12600
G1 X167.594 Z104.246 F12600
G1 X167.115 Z106.452 F12600
G1 X166.521 Z108.626 F12600
G1 X165.816 Z110.762 F12600
G1 X165.001 Z112.855 F12600
G1 X164.079 Z114.899 F12600
G1 X163.053 Z116.889 F12600
G1 X161.926 Z118.819 F12600
G1 X160.702 Z120.685 F12600
G1 X159.383 Z122.481 F12600
G1 X157.975 Z124.202 F12600
G1 X156.480 Z125.845 F12600
G1 X154.905 Z127.405 F12600
G1 X153.252 Z128.877 F12600
G1 X151.528 Z130.259 F12600
G1 X149.736 Z131.546 F12600
G1 X147.882 Z132.736 F12600
G1 X145.972 Z133.825 F12600
G1 X144.011 Z134.811 F12600
G1 X142.004 Z135.691 F12600
G1 X139.957 Z136.464 F12600
G1 X137.876 Z137.127 F12600
G1 X135.766 Z137.680 F12600
G1 X133.634 Z138.120 F12600
G1 X131.486 Z138.448 F12600
G1 X129.326 Z138.662 F12600
G1 X127.162 Z138.763 F12600
G1 X125.000 Z138.750 F12600
G1 X122.845 Z138.624 F12600
G1 X120.703 Z138.386 F12600
G1 X118.580 Z138.036 F12600
G1 X116.481 Z137.577 F12600
G1 X114.414 Z137.009 F12600
G1 X112.382 Z136.335 F12600
G1 X110.392 Z135.556 F12600
G1 X108.448 Z134.676 F12600
G1 X106.557 Z133.697 F12600
G1 X104.722 Z132.622 F12600
G1 X102.950 Z131.455 F12600
G1 X101.244 Z130.198 F12600
G1 X99.609 Z128.856 F12600
G1 X98.049 Z127.432 F12600
G1 X96.568 Z125.932 F12600
G1 X95.171 Z124.358 F12600
G1 X93.860 Z122.717 F12600
G1 X92.639 Z121.011 F12600
G1 X91.511 Z119.248 F12600
G1 X90.479 Z117.431 F12600
G1 X89.545 Z115.565 F12600
G1 X88.712 Z113.656 F12600
G1 X87.981 Z111.710 F12600
G1 X87.354 Z109.732 F12600
G1 X86.833 Z107.727 F12600
G1 X86.418 Z105.701 F12600
G1 X86.110 Z103.660 F12600
G1 X85.910 Z101.609 F12600
G1 X85.818 Z99.553 F12600
G1 X85.833 Z97.500 F12600
G1 X85.956 Z95.454 F12600
G1 X86.186 Z93.420 F12600
G1 X86.521 Z91.406 F12600
G1 X86.961 Z89.415 F12600
G1 X87.503 Z87.453 F12600
G1 X88.147 Z85.526 F12600
G1 X88.889 Z83.638 F12600
G1 X89.727 Z81.795 F12600
G1 X90.659 Z80.002 F12600
G1 X91.682 Z78.264 F12600
G1 X92.793 Z76.584 F12600
G1 X93.988 Z74.968 F12600
G1 X95.263 Z73.420 F12600
G1 X96.616 Z71.943 F12600
G1 X98.042 Z70.542 F12600
G1 X99.536 Z69.219 F12600
G1 X101.095 Z67.979 F12600
G1 X102.713 Z66.825 F12600
G1 X104.387 Z65.759 F12600
G1 X106.111 Z64.783 F12600
G1 X107.881 Z63.902 F12600
G1 X109.691 Z63.115 F12600
G1 X111.536 Z62.426 F12600
G1 X113.412 Z61.835 F12600
G1 X115.312 Z61.345 F12600
G1 X117.232 Z60.955 F12600
G1 X119.166 Z60.667 F12600
G1 X121.109 Z60.482 F12600
G1 X123.056 Z60.398 F12600
G1 X125.000 Z60.417 F12600
G1 X126.937 Z60.537 F12600
G1 X128.862 Z60.758 F12600
G1 X130.769 Z61.079 F12600
G1 X132.652 Z61.499 F12600
G1 X134.508 Z62.016 F12600
G1 X136.331 Z62.628 F12600
G1 X138.115 Z63.334 F12600
G1 X139.857 Z64.130 F12600
G1 X141.552 Z65.015 F12600
G1 X143.194 Z65.986 F12600
G1 X144.781 Z67.040 F12600
G1 X146.307 Z68.173 F12600
G1 X147.769 Z69.382 F12600
G1 X149.163 Z70.664 F12600
G1 X150.485 Z72.015 F12600
G1 X151.733 Z73.430 F12600
G1 X152.902 Z74.906 F12600
G1 X153.990 Z76.438 F12600
G1 X154.994 Z78.022 F12600
G1 X155.912 Z79.653 F12600
G1 X156.742 Z81.327 F12600
G1 X157.482 Z83.038 F12600
G1 X158.129 Z84.783 F12600
G1 X158.683 Z86.556 F12600
G1 X159.143 Z88.351 F12600
G1 X159.507 Z90.165 F12600
G1 X159.775 Z91.992 F12600
G1 X159.946 Z93.827 F12600
G1 X160.021 Z95.665 F12600
G1 X160.000 Z97.500 F12600
G1 X159.883 Z99.328 F12600
G1 X159.670 Z101.144 F12600
G1 X159.363 Z102.943 F12600
G1 X158.963 Z104.719 F12600
G1 X158.472 Z106.469 F12600
G1 X157.891 Z108.187 F12600
G1 X157.221 Z109.869 F12600
G1 X156.467 Z111.510 F12600
G1 X155.628 Z113.106 F12600
G1 X154.709 Z114.653 F12600
G1 X153.713 Z116.146 F12600
G1 X152.641 Z117.583 F12600
G1 X151.499 Z118.958 F12600
G1 X150.288 Z120.269 F12600
G1 X149.012 Z121.512 F12600
G1 X147.676 Z122.684 F12600
G1 X146.283 Z123.783 F12600
G1 X144.838 Z124.804 F12600
G1 X143.344 Z125.747 F12600
G1 X141.806 Z126.608 F12600
G1 X140.228 Z127.386 F12600
G1 X138.614 Z128.078 F12600
G1 X136.970 Z128.684 F12600
G1 X135.301 Z129.202 F12600
G1 X133.609 Z129.630 F12600
G1 X131.902 Z129.969 F12600
G1 X130.182 Z130.217 F12600
G1 X128.455 Z130.374 F12600
G1 X126.726 Z130.441 F12600
G1 X125.000 Z130.417 F12600
G1 X123.281 Z130.302 F12600
G1 X121.574 Z130.098 F12600
G1 X119.883 Z129.806 F12600
G1 X118.214 Z129.426 F12600
G1 X116.570 Z128.960 F12600
G1 X114.957 Z128.409 F12600
G1 X113.378 Z127.777 F12600
G1 X111.838 Z127.063 F12600
G1 X110.340 Z126.272 F12600
G1 X108.889 Z125.405 F12600
G1 X107.488 Z124.466 F12600
G1 X106.142 Z123.456 F12600
G1 X104.853 Z122.379 F12600
G1 X103.625 Z121.239 F12600
G1 X102.461 Z120.039 F12600
G1 X101.364 Z118.782 F12600
G1 X100.336 Z117.472 F12600
G1 X99.381 Z116.113 F12600
G1 X98.500 Z114.709 F12600
G1 X97.696 Z113.264 F12600
G1 X96.970 Z111.782 F12600
G1 X96.325 Z110.267 F12600
G1 X95.761 Z108.724 F12600
G1 X95.279 Z107.157 F12600
G1 X94.882 Z105.570 F12600
G1 X94.569 Z103.968 F12600
G1 X94.341 Z102.356 F12600
G1 X94.197 Z100.737 F12600
G1 X94.140 Z99.117 F12600
G1 X94.167 Z97.500 F12600
G1 X94.278 Z95.890 F12600
G1 X94.474 Z94.292 F12600
G1 X94.752 Z92.709 F12600
G1 X95.112 Z91.147 F12600
G1 X95.553 Z89.610 F12600
G1 X96.072 Z88.101 F12600
G1 X96.668 Z86.625 F12600
G1 X97.340 Z85.185 F12600
G1 X98.084 Z83.786 F12600
G1 X98.899 Z82.431 F12600
G1 X99.782 Z81.123 F12600
G1 X100.729 Z79.866 F12600
G1 X101.740 Z78.664 F12600
G1 X102.809 Z77.519 F12600
G1 X103.934 Z76.434 F12600
G1 X105.112 Z75.412 F12600
G1 X106.339 Z74.455 F12600
G1 X107.611 Z73.567 F12600
G1 X108.926 Z72.748 F12600
G1 X110.278 Z72.000 F12600
G1 X111.664 Z71.327 F12600
G1 X113.080 Z70.728 F12600
G1 X114.523 Z70.206 F12600
G1 X115.987 Z69.761 F12600
G1 X117.469 Z69.394 F12600
G1 X118.965 Z69.107 F12600
G1 X120.470 Z68.898 F12600
G1 X121.980 Z68.769 F12600
G1 X123.492 Z68.720 F12600
G1 X125.000 Z68.750 F12600
G1 X126.501 Z68.859 F12600
G1 X127.991 Z69.046 F12600
G1 X129.465 Z69.310 F12600
G1 X130.920 Z69.650 F12600
G1 X132.351 Z70.065 F12600
G1 X133.755 Z70.553 F12600
G1 X135.129 Z71.113 F12600
G1 X136.468 Z71.743 F12600
G1 X137.768 Z72.440 F12600
G1 X139.028 Z73.203 F12600
G1 X140.242 Z74.029 F12600
G1 X141.409 Z74.915 F12600
G1 X142.525 Z75.859 F12600
G1 X143.587 Z76.857 F12600
G1 X144.593 Z77.907 F12600
G1 X145.540 Z79.006 F12600
G1 X146.425 Z80.150 F12600
G1 X147.248 Z81.336 F12600
G1 X148.005 Z82.560 F12600
G1 X148.695 Z83.819 F12600
G1 X149.317 Z85.110 F12600
G1 X149.869 Z86.428 F12600
G1 X150.349 Z87.769 F12600
G1 X150.758 Z89.131 F12600
G1 X151.093 Z90.508 F12600
G1 X151.356 Z91.898 F12600
G1 X151.544 Z93.296 F12600
G1 X151.659 Z94.698 F12600
G1 X151.699 Z96.101 F12600
G1 X151.667 Z97.500 F12600
G1 X151.561 Z98.892 F12600
G1 X151.382 Z100.273 F12600
G1 X151.133 Z101.639 F12600
G1 X150.812 Z102.987 F12600
G1 X150.423 Z104.312 F12600
G1 X149.965 Z105.612 F12600
G1 X149.442 Z106.882 F12600
G1 X148.854 Z108.120 F12600
G1 X148.203 Z109.323 F12600
G1 X147.493 Z110.486 F12600
G1 X146.724 Z111.608 F12600
G1 X145.900 Z112.684 F12600
G1 X145.022 Z113.714 F12600
G1 X144.095 Z114.693 F12600
G1 X143.120 Z115.620 F12600
G1 X142.100 Z116.491 F12600
G1 X141.039 Z117.306 F12600
G1 X139.940 Z118.063 F12600
G1 X138.805 Z118.758 F12600
G1 X137.639 Z119.391 F12600
G1 X136.444 Z119.961 F12600
G1 X135.225 Z120.466 F12600
G1 X133.984 Z120.904 F12600
G1 X132.725 Z121.276 F12600
G1 X131.453 Z121.581 F12600
G1 X130.169 Z121.818 F12600
G1 X128.878 Z121.986 F12600
G1 X127.584 Z122.087 F12600
G1 X126.290 Z122.119 F12600
G1 X125.000 Z122.083 F12600
G1 X123.717 Z121.980 F12600
G1 X122.445 Z121.811 F12600
G1 X121.187 Z121.575 F12600
G1 X119.947 Z121.274 F12600
G1 X118.727 Z120.910 F12600
G1 X117.532 Z120.484 F12600
G1 X116.364 Z119.997 F12600
G1 X115.227 Z119.450 F12600
G1 X114.123 Z118.847 F12600
G1 X113.056 Z118.188 F12600
G1 X112.027 Z117.477 F12600
G1 X111.040 Z116.714 F12600
G1 X110.097 Z115.903 F12600
G1 X109.201 Z115.046 F12600
G1 X108.354 Z114.146 F12600
G1 X107.557 Z113.206 F12600
G1 X106.813 Z112.228 F12600
G1 X106.123 Z111.215 F12600
G1 X105.489 Z110.170 F12600
G1 X104.913 Z109.097 F12600
G1 X104.395 Z107.999 F12600
G1 X103.938 Z106.878 F12600
G1 X103.541 Z105.737 F12600
G1 X103.205 Z104.582 F12600
G1 X102.931 Z103.413 F12600
G1 X102.720 Z102.236 F12600
G1 X102.571 Z101.052 F12600
G1 X102.485 Z99.866 F12600
G1 X102.461 Z98.681 F12600
G1 X102.500 Z97.500 F12600
G1 X102.600 Z96.326 F12600
G1 X102.761 Z95.163 F12600
G1 X102.983 Z94.013 F12600
G1 X103.263 Z92.880 F12600
G1 X103.602 Z91.766 F12600
G1 X103.998 Z90.676 F12600
G1 X104.448 Z89.611 F12600
G1 X104.953 Z88.574 F12600
G1 X105.509 Z87.569 F12600
G1 X106.116 Z86.597 F12600
G1 X106.771 Z85.662 F12600
G1 X107.471 Z84.765 F12600
G1 X108.216 Z83.908 F12600
G1 X109.002 Z83.095 F12600
G1 X109.827 Z82.327 F12600
G1 X110.688 Z81.605 F12600
G1 X111.583 Z80.932 F12600
G1 X112.510 Z80.308 F12600
G1 X113.464 Z79.736 F12600
G1 X114.444 Z79.217 F12600
G1 X115.447 Z78.752 F12600
G1 X116.470 Z78.341 F12600
G1 X117.509 Z77.986 F12600
G1 X118.562 Z77.686 F12600
G1 X119.626 Z77.444 F12600
G1 X120.697 Z77.258 F12600
G1 X121.774 Z77.129 F12600
G1 X122.851 Z77.057 F12600
G1 X123.928 Z77.042 F12600
G1 X125.000 Z77.083 F12600
G1 X126.065 Z77.181 F12600
G1 X127.120 Z77.333 F12600
G1 X128.161 Z77.540 F12600
G1 X129.187 Z77.801 F12600
G1 X130.194 Z78.114 F12600
G1 X131.180 Z78.479 F12600
G1 X132.142 Z78.893 F12600
G1 X133.078 Z79.356 F12600
G1 X133.985 Z79.865 F12600
G1 X134.861 Z80.420 F12600
G1 X135.704 Z81.018 F12600
G1 X136.511 Z81.657 F12600
G1 X137.280 Z82.335 F12600
G1 X138.011 Z83.050 F12600
G1 X138.700 Z83.800 F12600
G1 X139.347 Z84.582 F12600
G1 X139.949 Z85.394 F12600
G1 X140.506 Z86.234 F12600
G1 X141.016 Z87.099 F12600
G1 X141.479 Z87.986 F12600
G1 X141.892 Z88.893 F12600
G1 X142.256 Z89.817 F12600
G1 X142.569 Z90.756 F12600
G1 X142.832 Z91.706 F12600
G1 X143.044 Z92.665 F12600
G1 X143.204 Z93.631 F12600
G1 X143.313 Z94.599 F12600
G1 X143.371 Z95.569 F12600
G1 X143.378 Z96.537 F12600
G1 X143.333 Z97.500 F12600
G1 X143.239 Z98.456 F12600
G1 X143.095 Z99.402 F12600
G1 X142.902 Z100.335 F12600
G1 X142.661 Z101.254 F12600
G1 X142.373 Z102.155 F12600
G1 X142.040 Z103.037 F12600
G1 X141.662 Z103.896 F12600
G1 X141.241 Z104.731 F12600
G1 X140.778 Z105.539 F12600
G1 X140.276 Z106.319 F12600
G1 X139.735 Z107.069 F12600
G1 X139.158 Z107.786 F12600
G1 X138.546 Z108.469 F12600
G1 X137.902 Z109.117 F12600
G1 X137.227 Z109.727 F12600
G1 X136.524 Z110.299 F12600
G1 X135.795 Z110.830 F12600
G1 X135.041 Z111.321 F12600
G1 X134.266 Z111.769 F12600
G1 X133.472 Z112.174 F12600
G1 X132.661 Z112.536 F12600
G1 X131.835 Z112.853 F12600
G1 X130.998 Z113.125 F12600
G1 X130.150 Z113.351 F12600
G1 X129.296 Z113.532 F12600
G1 X128.436 Z113.667 F12600
G1 X127.575 Z113.756 F12600
G1 X126.713 Z113.799 F12600
G1 X125.854 Z113.797 F12600
G1 X125.000 Z113.750 F12600
G1 X124.153 Z113.658 F12600
G1 X123.316 Z113.523 F12600
G1 X122.491 Z113.344 F12600
G1 X121.679 Z113.123 F12600
G1 X120.884 Z112.861 F12600
G1 X120.107 Z112.558 F12600
G1 X119.351 Z112.217 F12600
G1 X118.616 Z111.838 F12600
G1 X117.906 Z111.422 F12600
G1 X117.222 Z110.972 F12600
G1 X116.566 Z110.488 F12600
G1 X115.938 Z109.972 F12600
G1 X115.342 Z109.427 F12600
G1 X114.777 Z108.854 F12600
G1 X114.246 Z108.254 F12600
G1 X113.750 Z107.630 F12600
G1 X113.289 Z106.984 F12600
G1 X112.865 Z106.317 F12600
G1 X112.478 Z105.632 F12600
G1 X112.130 Z104.931 F12600
G1 X111.821 Z104.215 F12600
G1 X111.551 Z103.488 F12600
G1 X111.320 Z102.751 F12600
G1 X111.130 Z102.006 F12600
G1 X110.981 Z101.256 F12600
G1 X110.871 Z100.503 F12600
G1 X110.802 Z99.749 F12600
G1 X110.773 Z98.995 F12600
G1 X110.783 Z98.245 F12600
G1 X110.833 Z97.500 F12600
G1 X110.922 Z96.762 F12600
G1 X111.049 Z96.034 F12600
G1 X111.214 Z95.316 F12600
G1 X111.415 Z94.612 F12600
G1 X111.651 Z93.923 F12600
G1 X111.923 Z93.251 F12600
G1 X112.228 Z92.597 F12600
G1 X112.566 Z91.964 F12600
G1 X112.934 Z91.352 F12600
G1 X113.333 Z90.764 F12600
G1 X113.759 Z90.200 F12600
G1 X114.213 Z89.663 F12600
G1 X114.692 Z89.153 F12600
G1 X115.195 Z88.671 F12600
G1 X115.719 Z88.219 F12600
G1 X116.264 Z87.798 F12600
G1 X116.828 Z87.408 F12600
G1 X117.408 Z87.050 F12600
G1 X118.003 Z86.725 F12600
G1 X118.611 Z86.434 F12600
G1 X119.231 Z86.177 F12600
G1 X119.859 Z85.954 F12600
G1 X120.496 Z85.765 F12600
G1 X121.137 Z85.612 F12600
G1 X121.783 Z85.493 F12600
G1 X122.430 Z85.409 F12600
G1 X123.077 Z85.360 F12600
G1 X123.722 Z85.345 F12600
G1 X124.364 Z85.364 F12600
G1 X125.000 Z85.417 F12600
G1 X125.629 Z85.503 F12600
G1 X126.249 Z85.621 F12600
G1 X126.858 Z85.771 F12600
G1 X127.455 Z85.952 F12600
G1 X128.038 Z86.164 F12600
G1 X128.605 Z86.404 F12600
G1 X129.156 Z86.673 F12600
G1 X129.689 Z86.969 F12600
G1 X130.202 Z87.291 F12600
G1 X130.694 Z87.637 F12600
G1 X131.165 Z88.007 F12600
G1 X131.613 Z88.399 F12600
G1 X132.036 Z88.811 F12600
G1 X132.435 Z89.243 F12600
G1 X132.808 Z89.692 F12600
G1 X133.154 Z90.158 F12600
G1 X133.473 Z90.639 F12600
G1 X133.764 Z91.132 F12600
G1 X134.027 Z91.638 F12600
G1 X134.262 Z92.153 F12600
G1 X134.467 Z92.676 F12600
G1 X134.643 Z93.207 F12600
G1 X134.790 Z93.742 F12600
G1 X134.907 Z94.281 F12600
G1 X134.995 Z94.822 F12600
G1 X135.053 Z95.363 F12600
G1 X135.083 Z95.903 F12600
G1 X135.083 Z96.440 F12600
G1 X135.056 Z96.973 F12600
G1 X135.000 Z97.500 F12600
G1 X135.056 Z96.973 F12600
G1 X135.083 Z96.440 F12600
G1 X135.083 Z95.903 F12600
G1 X135.053 Z95.363 F12600
G1 X134.995 Z94.822 F12600
G1 X134.907 Z94.281 F12600
G1 X134.790 Z93.742 F12600
G1 X134.643 Z93.207 F12600
G1 X134.467 Z92.676 F12600
G1 X134.262 Z92.153 F12600
G1 X134.027 Z91.638 F12600
G1 X133.764 Z91.132 F12600
G1 X133.473 Z90.639 F12600
G1 X133.154 Z90.158 F12600
G1 X132.808 Z89.692 F12600
G1 X132.435 Z89.243 F12600
G1 X132.036 Z88.811 F12600
G1 X131.613 Z88.399 F12600
G1 X131.165 Z88.007 F12600
G1 X130.694 Z87.637 F12600
G1 X130.202 Z87.291 F12600
G1 X129.689 Z86.969 F12600
G1 X129.156 Z86.673 F12600
G1 X128.605 Z86.404 F12600
G1 X128.038 Z86.164 F12600
G1 X127.455 Z85.952 F12600
G1 X126.858 Z85.771 F12600
G1 X126.249 Z85.621 F12600
G1 X125.629 Z85.503 F12600
G1 X125.000 Z85.417 F12600
G1 X124.364 Z85.364 F12600
G1 X123.722 Z85.345 F12600
G1 X123.077 Z85.360 F12600
G1 X122.430 Z85.409 F12600
G1 X121.783 Z85.493 F12600
G1 X121.137 Z85.612 F12600
G1 X120.496 Z85.765 F12600
G1 X119.859 Z85.954 F12600
G1 X119.231 Z86.177 F12600
G1 X118.611 Z86.434 F12600
G1 X118.003 Z86.725 F12600
G1 X117.408 Z87.050 F12600
G1 X116.828 Z87.408 F12600
G1 X116.264 Z87.798 F12600
G1 X115.719 Z88.219 F12600
G1 X115.195 Z88.671 F12600
G1 X114.692 Z89.153 F12600
G1 X114.213 Z89.663 F12600
G1 X113.759 Z90.200 F12600
G1 X113.333 Z90.764 F12600
G1 X112.934 Z91.352 F12600
G1 X112.566 Z91.964 F12600
G1 X112.228 Z92.597 F12600
G1 X111.923 Z93.251 F12600
G1 X111.651 Z93.923 F12600
G1 X111.415 Z94.612 F12600
G1 X111.214 Z95.316 F12600
G1 X111.049 Z96.034 F12600
G1 X110.922 Z96.762 F12600
G1 X110.833 Z97.500 F12600
G1 X110.783 Z98.245 F12600
G1 X110.773 Z98.995 F12600
G1 X110.802 Z99.749 F12600
G1 X110.871 Z100.503 F12600
G1 X110.981 Z101.256 F12600
G1 X111.130 Z102.006 F12600
G1 X111.320 Z102.751 F12600
G1 X111.551 Z103.488 F12600
G1 X111.821 Z104.215 F12600
G1 X112.130 Z104.931 F12600
G1 X112.478 Z105.632 F12600
G1 X112.865 Z106.317 F12600
G1 X113.289 Z106.984 F12600
G1 X113.750 Z107.630 F12600
G1 X114.246 Z108.254 F12600
G1 X114.777 Z108.854 F12600
G1 X115.342 Z109.427 F12600
G1 X115.938 Z109.972 F12600
G1 X116.566 Z110.488 F12600
G1 X117.222 Z110.972 F12600
G1 X117.906 Z111.422 F12600
G1 X118.616 Z111.838 F12600
G1 X119.351 Z112.217 F12600
G1 X120.107 Z112.558 F12600
G1 X120.884 Z112.861 F12600
G1 X121.679 Z113.123 F12600
G1 X122.491 Z113.344 F12600
G1 X123.316 Z113.523 F12600
G1 X124.153 Z113.658 F12600
G1 X125.000 Z113.750 F12600
G1 X125.854 Z113.797 F12600
G1 X126.713 Z113.799 F12600
G1 X127.575 Z113.756 F12600
G1 X128.436 Z113.667 F12600
G1 X129.296 Z113.532 F12600
G1 X130.150 Z113.351 F12600
G1 X130.998 Z113.125 F12600
G1 X131.835 Z112.853 F12600
G1 X132.661 Z112.536 F12600
G1 X133.472 Z112.174 F12600
G1 X134.266 Z111.769 F12600
G1 X135.041 Z111.321 F12600
G1 X135.795 Z110.830 F12600
G1 X136.524 Z110.299 F12600
G1 X137.227 Z109.727 F12600
G1 X137.902 Z109.117 F12600
G1 X138.546 Z108.469 F12600
G1 X139.158 Z107.786 F12600
G1 X139.735 Z107.069 F12600
G1 X140.276 Z106.319 F12600
G1 X140.778 Z105.539 F12600
G1 X141.241 Z104.731 F12600
G1 X141.662 Z103.896 F12600
G1 X142.040 Z103.037 F12600
G1 X142.373 Z102.155 F12600
G1 X142.661 Z101.254 F12600
G1 X142.902 Z100.335 F12600
G1 X143.095 Z99.402 F12600
G1 X143.239 Z98.456 F12600
G1 X143.333 Z97.500 F12600
G1 X143.378 Z96.537 F12600
G1 X143.371 Z95.569 F12600
G1 X143.313 Z94.599 F12600
G1 X143.204 Z93.631 F12600
G1 X143.044 Z92.665 F12600
G1 X142.832 Z91.706 F12600
G1 X142.569 Z90.756 F12600
G1 X142.256 Z89.817 F12600
G1 X141.892 Z88.893 F12600
G1 X141.479 Z87.986 F12600
G1 X141.016 Z87.099 F12600
G1 X140.506 Z86.234 F12600
G1 X139.949 Z85.394 F12600
G1 X139.347 Z84.582 F12600
G1 X138.700 Z83.800 F12600
G1 X138.011 Z83.050 F12600
G1 X137.280 Z82.335 F12600
G1 X136.511 Z81.657 F12600
G1 X135.704 Z81.018 F12600
G1 X134.861 Z80.420 F12600
G1 X133.985 Z79.865 F12600
G1 X133.078 Z79.356 F12600
G1 X132.142 Z78.893 F12600
G1 X131.180 Z78.479 F12600
G1 X130.194 Z78.114 F12600
G1 X129.187 Z77.801 F12600
G1 X128.161 Z77.540 F12600
G1 X127.120 Z77.333 F12600
G1 X126.065 Z77.181 F12600
G1 X125.000 Z77.083 F12600
G1 X123.928 Z77.042 F12600
G1 X122.851 Z77.057 F12600
G1 X121.774 Z77.129 F12600
G1 X120.697 Z77.258 F12600
G1 X119.626 Z77.444 F12600
G1 X118.562 Z77.686 F12600
G1 X117.509 Z77.986 F12600
G1 X116.470 Z78.341 F12600
G1 X115.447 Z78.752 F12600
G1 X114.444 Z79.217 F12600
G1 X113.464 Z79.736 F12600
G1 X112.510 Z80.308 F12600
G1 X111.583 Z80.932 F12600
G1 X110.688 Z81.605 F12600
G1 X109.827 Z82.327 F12600
G1 X109.002 Z83.095 F12600
G1 X108.216 Z83.908 F12600
G1 X107.471 Z84.765 F12600
G1 X106.771 Z85.662 F12600
G1 X106.116 Z86.597 F12600
G1 X105.509 Z87.569 F12600
G1 X104.953 Z88.574 F12600
G1 X104.448 Z89.611 F12600
G1 X103.998 Z90.676 F12600
G1 X103.602 Z91.766 F12600
G1 X103.263 Z92.880 F12600
G1 X102.983 Z94.013 F12600
G1 X102.761 Z95.163 F12600
G1 X102.600 Z96.326 F12600
G1 X102.500 Z97.500 F12600
G1 X102.461 Z98.681 F12600
G1 X102.485 Z99.866 F12600
G1 X102.571 Z101.052 F12600
G1 X102.720 Z102.236 F12600
G1 X102.931 Z103.413 F12600
G1 X103.205 Z104.582 F12600
G1 X103.541 Z105.737 F12600
G1 X103.938 Z106.878 F12600
G1 X104.395 Z107.999 F12600
G1 X104.913 Z109.097 F12600
G1 X105.489 Z110.170 F12600
G1 X106.123 Z111.215 F12600
G1 X106.813 Z112.228 F12600
G1 X107.557 Z113.206 F12600
G1 X108.354 Z114.146 F12600
G1 X109.201 Z115.046 F12600
G1 X110.097 Z115.903 F12600
G1 X111.040 Z116.714 F12600
G1 X112.027 Z117.477 F12600
G1 X113.056 Z118.188 F12600
G1 X114.123 Z118.847 F12600
G1 X115.227 Z119.450 F12600
G1 X116.364 Z119.997 F12600
G1 X117.532 Z120.484 F12600
G1 X118.727 Z120.910 F12600
G1 X119.947 Z121.274 F12600
G1 X121.187 Z121.575 F12600
G1 X122.445 Z121.811 F12600
G1 X123.717 Z121.980 F12600
G1 X125.000 Z122.083 F12600
G1 X126.290 Z122.119 F12600
G1 X127.584 Z122.087 F12600
G1 X128.878 Z121.986 F12600
G1 X130.169 Z121.818 F12600
G1 X131.453 Z121.581 F12600
G1 X132.725 Z121.276 F12600
G1 X133.984 Z120.904 F12600
G1 X135.225 Z120.466 F12600
G1 X136.444 Z119.961 F12600
G1 X137.639 Z119.391 F12600
G1 X138.805 Z118.758 F12600
G1 X139.940 Z118.063 F12600
G1 X141.039 Z117.306 F12600
G1 X142.100 Z116.491 F12600
G1 X143.120 Z115.620 F12600
G1 X144.095 Z114.693 F12600
G1 X145.022 Z113.714 F12600
G1 X145.900 Z112.684 F12600
G1 X146.724 Z111.608 F12600
G1 X147.493 Z110.486 F12600
G1 X148.203 Z109.323 F12600
G1 X148.854 Z108.120 F12600
G1 X149.442 Z106.882 F12600
G1 X149.965 Z105.612 F12600
G1 X150.423 Z104.312 F12600
G1 X150.812 Z102.987 F12600
G1 X151.133 Z101.639 F12600
G1 X151.382 Z100.273 F12600
G1 X151.561 Z98.892 F12600
G1 X151.667 Z97.500 F12600
G1 X151.699 Z96.101 F12600
G1 X151.659 Z94.698 F12600
G1 X151.544 Z93.296 F12600
G1 X151.356 Z91.898 F12600
G1 X151.093 Z90.508 F12600
G1 X150.758 Z89.131 F12600
G1 X150.349 Z87.769 F12600
G1 X149.869 Z86.428 F12600
G1 X149.317 Z85.110 F12600
G1 X148.695 Z83.819 F12600
G1 X148.005 Z82.560 F12600
G1 X147.248 Z81.336 F12600
G1 X146.425 Z80.150 F12600
G1 X145.540 Z79.006 F12600
G1 X144.593 Z77.907 F12600
G1 X143.587 Z76.857 F12600
G1 X142.525 Z75.859 F12600
G1 X141.409 Z74.915 F12600
G1 X140.242 Z74.029 F12600
G1 X139.028 Z73.203 F12600
G1 X137.768 Z72.440 F12600
G1 X136.468 Z71.743 F12600
G1 X135.129 Z71.113 F12600
G1 X133.755 Z70.553 F12600
G1 X132.351 Z70.065 F12600
G1 X130.920 Z69.650 F12600
G1 X129.465 Z69.310 F12600
G1 X127.991 Z69.046 F12600
G1 X126.501 Z68.859 F12600
G1 X125.000 Z68.750 F12600
G1 X123.492 Z68.720 F12600
G1 X121.980 Z68.769 F12600
G1 X120.470 Z68.898 F12600
G1 X118.965 Z69.107 F12600
G1 X117.469 Z69.394 F12600
G1 X115.987 Z69.761 F12600
G1 X114.523 Z70.206 F12600
G1 X113.080 Z70.728 F12600
G1 X111.664 Z71.327 F12600
G1 X110.278 Z72.000 F12600
G1 X108.926 Z72.748 F12600
G1 X107.611 Z73.567 F12600
G1 X106.339 Z74.455 F12600
G1 X105.112 Z75.412 F12600
G1 X103.934 Z76.434 F12600
G1 X102.809 Z77.519 F12600
G1 X101.740 Z78.664 F12600
G1 X100.729 Z79.866 F12600
G1 X99.782 Z81.123 F12600
G1 X98.899 Z82.431 F12600
G1 X98.084 Z83.786 F12600
G1 X97.340 Z85.185 F12600
G1 X96.668 Z86.625 F12600
G1 X96.072 Z88.101 F12600
G1 X95.553 Z89.610 F12600
G1 X95.112 Z91.147 F12600
G1 X94.752 Z92.709 F12600
G1 X94.474 Z94.292 F12600
G1 X94.278 Z95.890 F12600
G1 X94.167 Z97.500 F12600
G1 X94.140 Z99.117 F12600
G1 X94.197 Z100.737 F12600
G1 X94.341 Z102.356 F12600
G1 X94.569 Z103.968 F12600
G1 X94.882 Z105.570 F12600
G1 X95.279 Z107.157 F12600
G1 X95.761 Z108.724 F12600
G1 X96.325 Z110.267 F12600
G1 X96.970 Z111.782 F12600
G1 X97.696 Z113.264 F12600
G1 X98.500 Z114.709 F12600
G1 X99.381 Z116.113 F12600
G1 X100.336 Z117.472 F12600
G1 X101.364 Z118.782 F12600
G1 X102.461 Z120.039 F12600
G1 X103.625 Z121.239 F12600
G1 X104.853 Z122.379 F12600
G1 X106.142 Z123.456 F12600
G1 X107.488 Z124.466 F12600
G1 X108.889 Z125.405 F12600
G1 X110.340 Z126.272 F12600
G1 X111.838 Z127.063 F12600
G1 X113.378 Z127.777 F12600
G1 X114.957 Z128.409 F12600
G1 X116.570 Z128.960 F12600
G1 X118.214 Z129.426 F12600
G1 X119.883 Z129.806 F12600
G1 X121.574 Z130.098 F12600
G1 X123.281 Z130.302 F12600
G1 X125.000 Z130.417 F12600
G1 X126.726 Z130.441 F12600
G1 X128.455 Z130.374 F12600
G1 X130.182 Z130.217 F12600
G1 X131.902 Z129.969 F12600
G1 X133.609 Z129.630 F12600
G1 X135.301 Z129.202 F12600
G1 X136.970 Z128.684 F12600
G1 X138.614 Z128.078 F12600
G1 X140.228 Z127.386 F12600
G1 X141.806 Z126.608 F12600
G1 X143.344 Z125.747 F12600
G1 X144.838 Z124.804 F12600
G1 X146.283 Z123.783 F12600
G1 X147.676 Z122.684 F12600
G1 X149.012 Z121.512 F12600
G1 X150.288 Z120.269 F12600
G1 X151.499 Z118.958 F12600
G1 X152.641 Z117.583 F12600
G1 X153.713 Z116.146 F12600
G1 X154.709 Z114.653 F12600
G1 X155.628 Z113.106 F12600
G1 X156.467 Z111.510 F12600
G1 X157.221 Z109.869 F12600
G1 X157.891 Z108.187 F12600
G1 X158.472 Z106.469 F12600
G1 X158.963 Z104.719 F12600
G1 X159.363 Z102.943 F12600
G1 X159.670 Z101.144 F12600
G1 X159.883 Z99.328 F12600
G1 X160.000 Z97.500 F12600
G1 X160.021 Z95.665 F12600
G1 X159.946 Z93.827 F12600
G1 X159.775 Z91.992 F12600
G1 X159.507 Z90.165 F12600
G1 X159.143 Z88.351 F12600
G1 X158.683 Z86.556 F12600
G1 X158.129 Z84.783 F12600
G1 X157.482 Z83.038 F12600
G1 X156.742 Z81.327 F12600
G1 X155.912 Z79.653 F12600
G1 X154.994 Z78.022 F12600
G1 X153.990 Z76.438 F12600
G1 X152.902 Z74.906 F12600
G1 X151.733 Z73.430 F12600
G1 X150.485 Z72.015 F12600
G1 X149.163 Z70.664 F12600
G1 X147.769 Z69.382 F12600
G1 X146.307 Z68.173 F12600
G1 X144.781 Z67.040 F12600
G1 X143.194 Z65.986 F12600
G1 X141.552 Z65.015 F12600
G1 X139.857 Z64.130 F12600
G1 X138.115 Z63.334 F12600
G1 X136.331 Z62.628 F12600
G1 X134.508 Z62.016 F12600
G1 X132.652 Z61.499 F12600
G1 X130.769 Z61.079 F12600
G1 X128.862 Z60.758 F12600
G1 X126.937 Z60.537 F12600
G1 X125.000 Z60.417 F12600
G1 X123.056 Z60.398 F12600
G1 X121.109 Z60.482 F12600
G1 X119.166 Z60.667 F12600
G1 X117.232 Z60.955 F12600
G1 X115.312 Z61.345 F12600
G1 X113.412 Z61.835 F12600
G1 X111.536 Z62.426 F12600
G1 X109.691 Z63.115 F12600
G1 X107.881 Z63.902 F12600
G1 X106.111 Z64.783 F12600
G1 X104.387 Z65.759 F12600
G1 X102.713 Z66.825 F12600
G1 X101.095 Z67.979 F12600
G1 X99.536 Z69.219 F12600
G1 X98.042 Z70.542 F12600
G1 X96.616 Z71.943 F12600
G1 X95.263 Z73.420 F12600
G1 X93.988 Z74.968 F12600
G1 X92.793 Z76.584 F12600
G1 X91.682 Z78.264 F12600
G1 X90.659 Z80.002 F12600
G1 X89.727 Z81.795 F12600
G1 X88.889 Z83.638 F12600
G1 X88.147 Z85.526 F12600
G1 X87.503 Z87.453 F12600
G1 X86.961 Z89.415 F12600
G1 X86.521 Z91.406 F12600
G1 X86.186 Z93.420 F12600
G1 X85.956 Z95.454 F12600
G1 X85.833 Z97.500 F12600
G1 X85.818 Z99.553 F12600
G1 X85.910 Z101.609 F12600
G1 X86.110 Z103.660 F12600
G1 X86.418 Z105.701 F12600
G1 X86.833 Z107.727 F12600
G1 X87.354 Z109.732 F12600
G1 X87.981 Z111.710 F12600
G1 X88.712 Z113.656 F12600
G1 X89.545 Z115.565 F12600
G1 X90.479 Z117.431 F12600
G1 X91.511 Z119.248 F12600
G1 X92.639 Z121.011 F12600
G1 X93.860 Z122.717 F12600
G1 X95.171 Z124.358 F12600
G1 X96.568 Z125.932 F12600
G1 X98.049 Z127.432 F12600
G1 X99.609 Z128.856 F12600
G1 X101.244 Z130.198 F12600
G1 X102.950 Z131.455 F12600
G1 X104.722 Z132.622 F12600
G1 X106.557 Z133.697 F12600
G1 X108.448 Z134.676 F12600
G1 X110.392 Z135.556 F12600
G1 X112.382 Z136.335 F12600
G1 X114.414 Z137.009 F12600
G1 X116.481 Z137.577 F12600
G1 X118.580 Z138.036 F12600
G1 X120.703 Z138.386 F12600
G1 X122.845 Z138.624 F12600
G1 X125.000 Z138.750 F12600
G1 X127.162 Z138.763 F12600
G1 X129.326 Z138.662 F12600
G1 X131.486 Z138.448 F12600
G1 X133.634 Z138.120 F12600
G1 X135.766 Z137.680 F12600
G1 X137.876 Z137.127 F12600
G1 X139.957 Z136.464 F12600
G1 X142.004 Z135.691 F12600
G1 X144.011 Z134.811 F12600
G1 X145.972 Z133.825 F12600
G1 X147.882 Z132.736 F12600
G1 X149.736 Z131.546 F12600
G1 X151.528 Z130.259 F12600
G1 X153.252 Z128.877 F12600
G1 X154.905 Z127.405 F12600
G1 X156.480 Z125.845 F12600
G1 X157.975 Z124.202 F12600
G1 X159.383 Z122.481 F12600
G1 X160.702 Z120.685 F12600
G1 X161.926 Z118.819 F12600
G1 X163.053 Z116.889 F12600
G1 X164.079 Z114.899 F12600
G1 X165.001 Z112.855 F12600
G1 X165.816 Z110.762 F12600
G1 X166.521 Z108.626 F12600
G1 X167.115 Z106.452 F12600
G1 X167.594 Z104.246 F12600
G1 X167.958 Z102.015 F12600
G1 X168.205 Z99.764 F12600
G1 X168.333 Z97.500 F12600
G1 X168.343 Z95.228 F12600
G1 X168.234 Z92.956 F12600
G1 X168.006 Z90.689 F12600
G1 X167.658 Z88.433 F12600
G1 X167.192 Z86.195 F12600
G1 X166.609 Z83.981 F12600
G1 X165.909 Z81.797 F12600
G1 X165.094 Z79.649 F12600
G1 X164.167 Z77.543 F12600
G1 X163.129 Z75.486 F12600
G1 X161.983 Z73.483 F12600
G1 X160.732 Z71.539 F12600
G1 X159.378 Z69.661 F12600
G1 X157.925 Z67.854 F12600
G1 X156.378 Z66.122 F12600
G1 X154.739 Z64.471 F12600
G1 X153.013 Z62.906 F12600
G1 X151.205 Z61.431 F12600
G1 X149.320 Z60.051 F12600
G1 X147.361 Z58.769 F12600
G1 X145.335 Z57.590 F12600
G1 X143.247 Z56.517 F12600
G1 X141.102 Z55.554 F12600
G1 X138.906 Z54.702 F12600
G1 X136.665 Z53.966 F12600
G1 X134.385 Z53.348 F12600
G1 X132.072 Z52.848 F12600
G1 X129.733 Z52.470 F12600
G1 X127.373 Z52.215 F12600
G1 X125.000 Z52.083 F12600
G1 X122.619 Z52.076 F12600
G1 X120.238 Z52.194 F12600
G1 X117.863 Z52.437 F12600
G1 X115.500 Z52.804 F12600
G1 X113.155 Z53.295 F12600
G1 X110.837 Z53.910 F12600
G1 X108.550 Z54.646 F12600
G1 X106.301 Z55.502 F12600
G1 X104.098 Z56.477 F12600
G1 X101.944 Z57.567 F12600
G1 X99.848 Z58.770 F12600
G1 X97.815 Z60.083 F12600
G1 X95.850 Z61.503 F12600
G1 X93.960 Z63.026 F12600
G1 X92.149 Z64.649 F12600
G1 X90.423 Z66.367 F12600
G1 X88.787 Z68.175 F12600
G1 X87.246 Z70.070 F12600
G1 X85.804 Z72.046 F12600
G1 X84.465 Z74.097 F12600
G1 X83.234 Z76.219 F12600
G1 X82.114 Z78.406 F12600
G1 X81.109 Z80.652 F12600
G1 X80.221 Z82.950 F12600
G1 X79.454 Z85.296 F12600
G1 X78.810 Z87.682 F12600
G1 X78.291 Z90.102 F12600
G1 X77.898 Z92.549 F12600
G1 X77.634 Z95.018 F12600
G1 X77.500 Z97.500 F12600
G1 X77.496 Z99.990 F12600
G1 X77.622 Z102.480 F12600
G1 X77.879 Z104.963 F12600
G1 X78.266 Z107.434 F12600
G1 X78.783 Z109.884 F12600
G1 X79.429 Z112.307 F12600
G1 X80.201 Z114.697 F12600
G1 X81.099 Z117.046 F12600
G1 X82.120 Z119.348 F12600
G1 X83.262 Z121.597 F12600
G1 X84.522 Z123.786 F12600
G1 X85.898 Z125.910 F12600
G1 X87.384 Z127.961 F12600
G1 X88.978 Z129.934 F12600
G1 X90.676 Z131.824 F12600
G1 X92.473 Z133.625 F12600
G1 X94.364 Z135.332 F12600
G1 X96.345 Z136.940 F12600
G1 X98.411 Z138.443 F12600
G1 X100.556 Z139.839 F12600
G1 X102.773 Z141.122 F12600
G1 X105.059 Z142.289 F12600
G1 X107.405 Z143.336 F12600
G1 X109.807 Z144.260 F12600
G1 X112.257 Z145.058 F12600
G1 X114.749 Z145.728 F12600
G1 X117.276 Z146.267 F12600
G1 X119.832 Z146.674 F12600
G1 X122.409 Z146.946 F12600
G1 X125.000 Z147.083 F12600
G1 X127.599 Z147.085 F12600
G1 X130.197 Z146.950 F12600
G1 X132.789 Z146.679 F12600
G1 X135.367 Z146.272 F12600
G1 X137.923 Z145.729 F12600
G1 X140.451 Z145.053 F12600
G1 X142.943 Z144.244 F12600
G1 X145.393 Z143.304 F12600
G1 X147.794 Z142.236 F12600
G1 X150.139 Z141.042 F12600
G1 X152.421 Z139.725 F12600
G1 X154.634 Z138.288 F12600
G1 X156.772 Z136.735 F12600
G1 X158.828 Z135.070 F12600
G1 X160.797 Z133.297 F12600
G1 X162.673 Z131.421 F12600
G1 X164.451 Z129.447 F12600
G1 X166.125 Z127.379 F12600
G1 X167.691 Z125.224 F12600
G1 X169.143 Z122.986 F12600
G1 X170.478 Z120.672 F12600
G1 X171.692 Z118.289 F12600
G1 X172.781 Z115.841 F12600
G1 X173.742 Z113.337 F12600
G1 X174.571 Z110.782 F12600
G1 X175.266 Z108.184 F12600
G1 X175.825 Z105.550 F12600
G1 X176.246 Z102.886 F12600
G1 X176.527 Z100.200 F12600
G1 X176.667 Z97.500 F12600
G1 X176.665 Z94.792 F12600
G1 X176.522 Z92.085 F12600
G1 X176.236 Z89.385 F12600
G1 X175.809 Z86.700 F12600
G1 X175.242 Z84.038 F12600
G1 X174.534 Z81.405 F12600
G1 X173.689 Z78.810 F12600
G1 X172.707 Z76.259 F12600
G1 X171.592 Z73.760 F12600
G1 X170.346 Z71.319 F12600
G1 X168.972 Z68.944 F12600
G1 X167.473 Z66.641 F12600
G1 X165.854 Z64.417 F12600
G1 X164.118 Z62.278 F12600
G1 X162.270 Z60.230 F12600
G1 X160.315 Z58.278 F12600
G1 X158.258 Z56.430 F12600
G1 X156.104 Z54.690 F12600
G1 X153.858 Z53.062 F12600
G1 X151.528 Z51.553 F12600
G1 X149.118 Z50.165 F12600
G1 X146.636 Z48.904 F12600
G1 X144.088 Z47.774 F12600
G1 X141.481 Z46.777 F12600
G1 X138.822 Z45.917 F12600
G1 X136.118 Z45.196 F12600
G1 X133.376 Z44.618 F12600
G1 X130.604 Z44.183 F12600
G1 X127.809 Z43.893 F12600
G1 X125.000 Z43.750 F12600
G1 X122.183 Z43.754 F12600
G1 X119.367 Z43.906 F12600
G1 X116.559 Z44.206 F12600
G1 X113.767 Z44.653 F12600
G1 X110.999 Z45.246 F12600
G1 X108.262 Z45.984 F12600
G1 X105.564 Z46.866 F12600
G1 X102.912 Z47.889 F12600
G1 X100.314 Z49.052 F12600
G1 X97.778 Z50.350 F12600
G1 X95.310 Z51.781 F12600
G1 X92.917 Z53.341 F12600
G1 X90.606 Z55.027 F12600
G1 X88.384 Z56.833 F12600
G1 X86.256 Z58.756 F12600
G1 X84.230 Z60.791 F12600
G1 X82.311 Z62.931 F12600
G1 X80.504 Z65.172 F12600
G1 X78.815 Z67.507 F12600
G1 X77.248 Z69.931 F12600
G1 X75.809 Z72.436 F12600
G1 X74.501 Z75.017 F12600
G1 X73.329 Z77.665 F12600
G1 X72.296 Z80.375 F12600
G1 X71.405 Z83.139 F12600
G1 X70.658 Z85.949 F12600
G1 X70.060 Z88.798 F12600
G1 X69.611 Z91.678 F12600
G1 X69.313 Z94.582 F12600
G1 X69.167 Z97.500 F12600
G1 X69.174 Z100.426 F12600
G1 X69.334 Z103.351 F12600
G1 X69.648 Z106.267 F12600
G1 X70.115 Z109.166 F12600
G1 X70.734 Z112.041 F12600
G1 X71.503 Z114.882 F12600
G1 X72.421 Z117.683 F12600
G1 X73.486 Z120.435 F12600
G1 X74.695 Z123.132 F12600
G1 X76.046 Z125.764 F12600
G1 X77.534 Z128.325 F12600
G1 X79.156 Z130.808 F12600
G1 X80.908 Z133.205 F12600
G1 X82.785 Z135.510 F12600
G1 X84.783 Z137.717 F12600
G1 X86.897 Z139.818 F12600
G1 X89.120 Z141.808 F12600
G1 X91.447 Z143.681 F12600
G1 X93.872 Z145.432 F12600
G1 X96.389 Z147.056 F12600
G1 X98.990 Z148.547 F12600
G1 X101.669 Z149.902 F12600
G1 X104.419 Z151.116 F12600
G1 X107.232 Z152.186 F12600
G1 X110.100 Z153.108 F12600
G1 X113.016 Z153.879 F12600
G1 X115.972 Z154.498 F12600
G1 X118.961 Z154.961 F12600
G1 X121.973 Z155.268 F12600
G1 X125.000 Z155.417 F12600
G1 X128.035 Z155.407 F12600
G1 X131.068 Z155.238 F12600
G1 X134.093 Z154.909 F12600
G1 X137.099 Z154.423 F12600
G1 X140.080 Z153.779 F12600
G1 X143.026 Z152.978 F12600
G1 X145.930 Z152.024 F12600
G1 X148.783 Z150.917 F12600
G1 X151.577 Z149.661 F12600
G1 X154.306 Z148.259 F12600
G1 X156.960 Z146.714 F12600
G1 X159.532 Z145.030 F12600
G1 X162.016 Z143.211 F12600
G1 X164.404 Z141.263 F12600
G1 X166.690 Z139.190 F12600
G1 X168.866 Z136.997 F12600
G1 X170.927 Z134.691 F12600
G1 X172.867 Z132.277 F12600
G1 X174.680 Z129.762 F12600
G1 X176.360 Z127.153 F12600
G1 X177.904 Z124.456 F12600
G1 X179.305 Z121.678 F12600
G1 X180.561 Z118.828 F12600
G1 X181.667 Z115.912 F12600
G1 X182.620 Z112.939 F12600
G1 X183.417 Z109.917 F12600
G1 X184.056 Z106.853 F12600
G1 X184.533 Z103.757 F12600
G1 X184.848 Z100.637 F12600
G1 X185.000 Z97.500 F12600
G4 P400
M117 Lissajous 3:2
RESPOND MSG="Lissajous 3:2"
G1 X225.000 F9000
G1 X224.951 Z98.798 F18000
G1 X224.803 Z100.096 F18000
G1 X224.556 Z101.393 F18000
G1 X224.211 Z102.688 F18000
G1 X223.769 Z103.981 F18000
G1 X223.229 Z105.271 F18000
G1 X222.592 Z106.557 F18000
G1 X221.858 Z107.840 F18000
G1 X221.029 Z109.118 F18000
G1 X220.106 Z110.391 F18000
G1 X219.088 Z111.658 F18000
G1 X217.978 Z112.919 F18000
G1 X216.775 Z114.173 F18000
G1 X215.483 Z115.420 F18000
G1 X214.101 Z116.659 F18000
G1 X212.631 Z117.890 F18000
G1 X211.074 Z119.111 F18000
G1 X209.433 Z120.324 F18000
G1 X207.708 Z121.526 F18000
G1 X205.902 Z122.718 F18000
G1 X204.016 Z123.898 F18000
G1 X202.051 Z125.067 F18000
G1 X200.011 Z126.224 F18000
G1 X197.897 Z127.369 F18000
G1 X195.711 Z128.500 F18000
G1 X193.455 Z129.618 F18000
G1 X191.131 Z130.721 F18000
G1 X188.742 Z131.810 F18000
G1 X186.291 Z132.884 F18000
G1 X183.779 Z133.943 F18000
G1 X181.208 Z134.985 F18000
G1 X178.583 Z136.011 F18000
G1 X175.904 Z137.020 F18000
G1 X173.175 Z138.012 F18000
G1 X170.399 Z138.986 F18000
G1 X167.578 Z139.942 F18000
G1 X164.715 Z140.879 F18000
G1 X161.812 Z141.797 F18000
G1 X158.874 Z142.696 F18000
G1 X155.902 Z143.575 F18000
G1 X152.899 Z144.434 F18000
G1 X149.869 Z145.272 F18000
G1 X146.814 Z146.089 F18000
G1 X143.738 Z146.885 F18000
G1 X140.643 Z147.659 F18000
G1 X137.533 Z148.411 F18000
G1 X134.411 Z149.141 F18000
G1 X131.279 Z149.848 F18000
G1 X128.141 Z150.533 F18000
G1 X125.000 Z151.194 F18000
G1 X121.859 Z151.831 F18000
G1 X118.721 Z152.445 F18000
G1 X115.589 Z153.034 F18000
G1 X112.467 Z153.599 F18000
G1 X109.357 Z154.140 F18000
G1 X106.262 Z154.656 F18000
G1 X103.186 Z155.146 F18000
G1 X100.131 Z155.611 F18000
G1 X97.101 Z156.051 F18000
G1 X94.098 Z156.466 F18000
G1 X91.126 Z156.854 F18000
G1 X88.188 Z157.216 F18000
G1 X85.285 Z157.552 F18000
G1 X82.422 Z157.862 F18000
G1 X79.601 Z158.145 F18000
G1 X76.825 Z158.402 F18000
G1 X74.096 Z158.632 F18000
G1 X71.417 Z158.835 F18000
G1 X68.792 Z159.011 F18000
G1 X66.221 Z159.160 F18000
G1 X63.709 Z159.283 F18000
G1 X61.258 Z159.378 F18000
G1 X58.869 Z159.446 F18000
G1 X56.545 Z159.486 F18000
G1 X54.289 Z159.500 F18000
G1 X52.103 Z159.486 F18000
G1 X49.989 Z159.446 F18000
G1 X47.949 Z159.378 F18000
G1 X45.984 Z159.283 F18000
G1 X44.098 Z159.160 F18000
G1 X42.292 Z159.011 F18000
G1 X40.567 Z158.835 F18000
G1 X38.926 Z158.632 F18000
G1 X37.369 Z158.402 F18000
G1 X35.899 Z158.145 F18000
G1 X34.517 Z157.862 F18000
G1 X33.225 Z157.552 F18000
G1 X32.022 Z157.216 F18000
G1 X30.912 Z156.854 F18000
G1 X29.894 Z156.466 F18000
G1 X28.971 Z156.051 F18000
G1 X28.142 Z155.611 F18000
G1 X27.408 Z155.146 F18000
G1 X26.771 Z154.656 F18000
G1 X26.231 Z154.140 F18000
G1 X25.789 Z153.599 F18000
G1 X25.444 Z153.034 F18000
G1 X25.197 Z152.445 F18000
G1 X25.049 Z151.831 F18000
G1 X25.000 Z151.194 F18000
G1 X25.049 Z150.533 F18000
G1 X25.197 Z149.848 F18000
G1 X25.444 Z149.141 F18000
G1 X25.789 Z148.411 F18000
G1 X26.231 Z147.659 F18000
G1 X26.771 Z146.885 F18000
G1 X27.408 Z146.089 F18000
G1 X28.142 Z145.272 F18000
G1 X28.971 Z144.434 F18000
G1 X29.894 Z143.575 F18000
G1 X30.912 Z142.696 F18000
G1 X32.022 Z141.797 F18000
G1 X33.225 Z140.879 F18000
G1 X34.517 Z139.942 F18000
G1 X35.899 Z138.986 F18000
G1 X37.369 Z138.012 F18000
G1 X38.926 Z137.020 F18000
G1 X40.567 Z136.011 F18000
G1 X42.292 Z134.985 F18000
G1 X44.098 Z133.943 F18000
G1 X45.984 Z132.884 F18000
G1 X47.949 Z131.810 F18000
G1 X49.989 Z130.721 F18000
G1 X52.103 Z129.618 F18000
G1 X54.289 Z128.500 F18000
G1 X56.545 Z127.369 F18000
G1 X58.869 Z126.224 F18000
G1 X61.258 Z125.067 F18000
G1 X63.709 Z123.898 F18000
G1 X66.221 Z122.718 F18000
G1 X68.792 Z121.526 F18000
G1 X71.417 Z120.324 F18000
G1 X74.096 Z119.111 F18000
G1 X76.825 Z117.890 F18000
G1 X79.601 Z116.659 F18000
G1 X82.422 Z115.420 F18000
G1 X85.285 Z114.173 F18000
G1 X88.188 Z112.919 F18000
G1 X91.126 Z111.658 F18000
G1 X94.098 Z110.391 F18000
G1 X97.101 Z109.118 F18000
G1 X100.131 Z107.840 F18000
G1 X103.186 Z106.557 F18000
G1 X106.262 Z105.271 F18000
G1 X109.357 Z103.981 F18000
G1 X112.467 Z102.688 F18000
G1 X115.589 Z101.393 F18000
G1 X118.721 Z100.096 F18000
G1 X121.859 Z98.798 F18000
G1 X125.000 Z97.500 F18000
G1 X128.141 Z96.202 F18000
G1 X131.279 Z94.904 F18000
G1 X134.411 Z93.607 F18000
G1 X137.533 Z92.312 F18000
G1 X140.643 Z91.019 F18000
G1 X143.738 Z89.729 F18000
G1 X146.814 Z88.443 F18000
G1 X149.869 Z87.160 F18000
G1 X152.899 Z85.882 F18000
G1 X155.902 Z84.609 F18000
G1 X158.874 Z83.342 F18000
G1 X161.812 Z82.081 F18000
G1 X164.715 Z80.827 F18000
G1 X167.578 Z79.580 F18000
G1 X170.399 Z78.341 F18000
G1 X173.175 Z77.110 F18000
G1 X175.904 Z75.889 F18000
G1 X178.583 Z74.676 F18000
G1 X181.208 Z73.474 F18000
G1 X183.779 Z72.282 F18000
G1 X186.291 Z71.102 F18000
G1 X188.742 Z69.933 F18000
G1 X191.131 Z68.776 F18000
G1 X193.455 Z67.631 F18000
G1 X195.711 Z66.500 F18000
G1 X197.897 Z65.382 F18000
G1 X200.011 Z64.279 F18000
G1 X202.051 Z63.190 F18000
G1 X204.016 Z62.116 F18000
G1 X205.902 Z61.057 F18000
G1 X207.708 Z60.015 F18000
G1 X209.433 Z58.989 F18000
G1 X211.074 Z57.980 F18000
G1 X212.631 Z56.988 F18000
G1 X214.101 Z56.014 F18000
G1 X215.483 Z55.058 F18000
G1 X216.775 Z54.121 F18000
G1 X217.978 Z53.203 F18000
G1 X219.088 Z52.304 F18000
G1 X220.106 Z51.425 F18000
G1 X221.029 Z50.566 F18000
G1 X221.858 Z49.728 F18000
G1 X222.592 Z48.911 F18000
G1 X223.229 Z48.115 F18000
G1 X223.769 Z47.341 F18000
G1 X224.211 Z46.589 F18000
G1 X224.556 Z45.859 F18000
G1 X224.803 Z45.152 F18000
G1 X224.951 Z44.467 F18000
G1 X225.000 Z43.806 F18000
G1 X224.951 Z43.169 F18000
G1 X224.803 Z42.555 F18000
G1 X224.556 Z41.966 F18000
G1 X224.211 Z41.401 F18000
G1 X223.769 Z40.860 F18000
G1 X223.229 Z40.344 F18000
G1 X222.592 Z39.854 F18000
G1 X221.858 Z39.389 F18000
G1 X221.029 Z38.949 F18000
G1 X220.106 Z38.534 F18000
G1 X219.088 Z38.146 F18000
G1 X217.978 Z37.784 F18000
G1 X216.775 Z37.448 F18000
G1 X215.483 Z37.138 F18000
G1 X214.101 Z36.855 F18000
G1 X212.631 Z36.598 F18000
G1 X211.074 Z36.368 F18000
G1 X209.433 Z36.165 F18000
G1 X207.708 Z35.989 F18000
G1 X205.902 Z35.840 F18000
G1 X204.016 Z35.717 F18000
G1 X202.051 Z35.622 F18000
G1 X200.011 Z35.554 F18000
G1 X197.897 Z35.514 F18000
G1 X195.711 Z35.500 F18000
G1 X193.455 Z35.514 F18000
G1 X191.131 Z35.554 F18000
G1 X188.742 Z35.622 F18000
G1 X186.291 Z35.717 F18000
G1 X183.779 Z35.840 F18000
G1 X181.208 Z35.989 F18000
G1 X178.583 Z36.165 F18000
G1 X175.904 Z36.368 F18000
G1 X173.175 Z36.598 F18000
G1 X170.399 Z36.855 F18000
G1 X167.578 Z37.138 F18000
G1 X164.715 Z37.448 F18000
G1 X161.812 Z37.784 F18000
G1 X158.874 Z38.146 F18000
G1 X155.902 Z38.534 F18000
G1 X152.899 Z38.949 F18000
G1 X149.869 Z39.389 F18000
G1 X146.814 Z39.854 F18000
G1 X143.738 Z40.344 F18000
G1 X140.643 Z40.860 F18000
G1 X137.533 Z41.401 F18000
G1 X134.411 Z41.966 F18000
G1 X131.279 Z42.555 F18000
G1 X128.141 Z43.169 F18000
G1 X125.000 Z43.806 F18000
G1 X121.859 Z44.467 F18000
G1 X118.721 Z45.152 F18000
G1 X115.589 Z45.859 F18000
G1 X112.467 Z46.589 F18000
G1 X109.357 Z47.341 F18000
G1 X106.262 Z48.115 F18000
G1 X103.186 Z48.911 F18000
G1 X100.131 Z49.728 F18000
G1 X97.101 Z50.566 F18000
G1 X94.098 Z51.425 F18000
G1 X91.126 Z52.304 F18000
G1 X88.188 Z53.203 F18000
G1 X85.285 Z54.121 F18000
G1 X82.422 Z55.058 F18000
G1 X79.601 Z56.014 F18000
G1 X76.825 Z56.988 F18000
G1 X74.096 Z57.980 F18000
G1 X71.417 Z58.989 F18000
G1 X68.792 Z60.015 F18000
G1 X66.221 Z61.057 F18000
G1 X63.709 Z62.116 F18000
G1 X61.258 Z63.190 F18000
G1 X58.869 Z64.279 F18000
G1 X56.545 Z65.382 F18000
G1 X54.289 Z66.500 F18000
G1 X52.103 Z67.631 F18000
G1 X49.989 Z68.776 F18000
G1 X47.949 Z69.933 F18000
G1 X45.984 Z71.102 F18000
G1 X44.098 Z72.282 F18000
G1 X42.292 Z73.474 F18000
G1 X40.567 Z74.676 F18000
G1 X38.926 Z75.889 F18000
G1 X37.369 Z77.110 F18000
G1 X35.899 Z78.341 F18000
G1 X34.517 Z79.580 F18000
G1 X33.225 Z80.827 F18000
G1 X32.022 Z82.081 F18000
G1 X30.912 Z83.342 F18000
G1 X29.894 Z84.609 F18000
G1 X28.971 Z85.882 F18000
G1 X28.142 Z87.160 F18000
G1 X27.408 Z88.443 F18000
G1 X26.771 Z89.729 F18000
G1 X26.231 Z91.019 F18000
G1 X25.789 Z92.312 F18000
G1 X25.444 Z93.607 F18000
G1 X25.197 Z94.904 F18000
G1 X25.049 Z96.202 F18000
G1 X25.000 Z97.500 F18000
G1 X25.049 Z98.798 F18000
G1 X25.197 Z100.096 F18000
G1 X25.444 Z101.393 F18000
G1 X25.789 Z102.688 F18000
G1 X26.231 Z103.981 F18000
G1 X26.771 Z105.271 F18000
G1 X27.408 Z106.557 F18000
G1 X28.142 Z107.840 F18000
G1 X28.971 Z109.118 F18000
G1 X29.894 Z110.391 F18000
G1 X30.912 Z111.658 F18000
G1 X32.022 Z112.919 F18000
G1 X33.225 Z114.173 F18000
G1 X34.517 Z115.420 F18000
G1 X35.899 Z116.659 F18000
G1 X37.369 Z117.890 F18000
G1 X38.926 Z119.111 F18000
G1 X40.567 Z120.324 F18000
G1 X42.292 Z121.526 F18000
G1 X44.098 Z122.718 F18000
G1 X45.984 Z123.898 F18000
G1 X47.949 Z125.067 F18000
G1 X49.989 Z126.224 F18000
G1 X52.103 Z127.369 F18000
G1 X54.289 Z128.500 F18000
G1 X56.545 Z129.618 F18000
G1 X58.869 Z130.721 F18000
G1 X61.258 Z131.810 F18000
G1 X63.709 Z132.884 F18000
G1 X66.221 Z133.943 F18000
G1 X68.792 Z134.985 F18000
G1 X71.417 Z136.011 F18000
G1 X74.096 Z137.020 F18000
G1 X76.825 Z138.012 F18000
G1 X79.601 Z138.986 F18000
G1 X82.422 Z139.942 F18000
G1 X85.285 Z140.879 F18000
G1 X88.188 Z141.797 F18000
G1 X91.126 Z142.696 F18000
G1 X94.098 Z143.575 F18000
G1 X97.101 Z144.434 F18000
G1 X100.131 Z145.272 F18000
G1 X103.186 Z146.089 F18000
G1 X106.262 Z146.885 F18000
G1 X109.357 Z147.659 F18000
G1 X112.467 Z148.411 F18000
G1 X115.589 Z149.141 F18000
G1 X118.721 Z149.848 F18000
G1 X121.859 Z150.533 F18000
G1 X125.000 Z151.194 F18000
G1 X128.141 Z151.831 F18000
G1 X131.279 Z152.445 F18000
G1 X134.411 Z153.034 F18000
G1 X137.533 Z153.599 F18000
G1 X140.643 Z154.140 F18000
G1 X143.738 Z154.656 F18000
G1 X146.814 Z155.146 F18000
G1 X149.869 Z155.611 F18000
G1 X152.899 Z156.051 F18000
G1 X155.902 Z156.466 F18000
G1 X158.874 Z156.854 F18000
G1 X161.812 Z157.216 F18000
G1 X164.715 Z157.552 F18000
G1 X167.578 Z157.862 F18000
G1 X170.399 Z158.145 F18000
G1 X173.175 Z158.402 F18000
G1 X175.904 Z158.632 F18000
G1 X178.583 Z158.835 F18000
G1 X181.208 Z159.011 F18000
G1 X183.779 Z159.160 F18000
G1 X186.291 Z159.283 F18000
G1 X188.742 Z159.378 F18000
G1 X191.131 Z159.446 F18000
G1 X193.455 Z159.486 F18000
G1 X195.711 Z159.500 F18000
G1 X197.897 Z159.486 F18000
G1 X200.011 Z159.446 F18000
G1 X202.051 Z159.378 F18000
G1 X204.016 Z159.283 F18000
G1 X205.902 Z159.160 F18000
G1 X207.708 Z159.011 F18000
G1 X209.433 Z158.835 F18000
G1 X211.074 Z158.632 F18000
G1 X212.631 Z158.402 F18000
G1 X214.101 Z158.145 F18000
G1 X215.483 Z157.862 F18000
G1 X216.775 Z157.552 F18000
G1 X217.978 Z157.216 F18000
G1 X219.088 Z156.854 F18000
G1 X220.106 Z156.466 F18000
G1 X221.029 Z156.051 F18000
G1 X221.858 Z155.611 F18000
G1 X222.592 Z155.146 F18000
G1 X223.229 Z154.656 F18000
G1 X223.769 Z154.140 F18000
G1 X224.211 Z153.599 F18000
G1 X224.556 Z153.034 F18000
G1 X224.803 Z152.445 F18000
G1 X224.951 Z151.831 F18000
G1 X225.000 Z151.194 F18000
G1 X224.951 Z150.533 F18000
G1 X224.803 Z149.848 F18000
G1 X224.556 Z149.141 F18000
G1 X224.211 Z148.411 F18000
G1 X223.769 Z147.659 F18000
G1 X223.229 Z146.885 F18000
G1 X222.592 Z146.089 F18000
G1 X221.858 Z145.272 F18000
G1 X221.029 Z144.434 F18000
G1 X220.106 Z143.575 F18000
G1 X219.088 Z142.696 F18000
G1 X217.978 Z141.797 F18000
G1 X216.775 Z140.879 F18000
G1 X215.483 Z139.942 F18000
G1 X214.101 Z138.986 F18000
G1 X212.631 Z138.012 F18000
G1 X211.074 Z137.020 F18000
G1 X209.433 Z136.011 F18000
G1 X207.708 Z134.985 F18000
G1 X205.902 Z133.943 F18000
G1 X204.016 Z132.884 F18000
G1 X202.051 Z131.810 F18000
G1 X200.011 Z130.721 F18000
G1 X197.897 Z129.618 F18000
G1 X195.711 Z128.500 F18000
G1 X193.455 Z127.369 F18000
G1 X191.131 Z126.224 F18000
G1 X188.742 Z125.067 F18000
G1 X186.291 Z123.898 F18000
G1 X183.779 Z122.718 F18000
G1 X181.208 Z121.526 F18000
G1 X178.583 Z120.324 F18000
G1 X175.904 Z119.111 F18000
G1 X173.175 Z117.890 F18000
G1 X170.399 Z116.659 F18000
G1 X167.578 Z115.420 F18000
G1 X164.715 Z114.173 F18000
G1 X161.812 Z112.919 F18000
G1 X158.874 Z111.658 F18000
G1 X155.902 Z110.391 F18000
G1 X152.899 Z109.118 F18000
G1 X149.869 Z107.840 F18000
G1 X146.814 Z106.557 F18000
G1 X143.738 Z105.271 F18000
G1 X140.643 Z103.981 F18000
G1 X137.533 Z102.688 F18000
G1 X134.411 Z101.393 F18000
G1 X131.279 Z100.096 F18000
G1 X128.141 Z98.798 F18000
G1 X125.000 Z97.500 F18000
G1 X121.859 Z96.202 F18000
G1 X118.721 Z94.904 F18000
G1 X115.589 Z93.607 F18000
G1 X112.467 Z92.312 F18000
G1 X109.357 Z91.019 F18000
G1 X106.262 Z89.729 F18000
G1 X103.186 Z88.443 F18000
G1 X100.131 Z87.160 F18000
G1 X97.101 Z85.882 F18000
G1 X94.098 Z84.609 F18000
G1 X91.126 Z83.342 F18000
G1 X88.188 Z82.081 F18000
G1 X85.285 Z80.827 F18000
G1 X82.422 Z79.580 F18000
G1 X79.601 Z78.341 F18000
G1 X76.825 Z77.110 F18000
G1 X74.096 Z75.889 F18000
G1 X71.417 Z74.676 F18000
G1 X68.792 Z73.474 F18000
G1 X66.221 Z72.282 F18000
G1 X63.709 Z71.102 F18000
G1 X61.258 Z69.933 F18000
G1 X58.869 Z68.776 F18000
G1 X56.545 Z67.631 F18000
G1 X54.289 Z66.500 F18000
G1 X52.103 Z65.382 F18000
G1 X49.989 Z64.279 F18000
G1 X47.949 Z63.190 F18000
G1 X45.984 Z62.116 F18000
G1 X44.098 Z61.057 F18000
G1 X42.292 Z60.015 F18000
G1 X40.567 Z58.989 F18000
G1 X38.926 Z57.980 F18000
G1 X37.369 Z56.988 F18000
G1 X35.899 Z56.014 F18000
G1 X34.517 Z55.058 F18000
G1 X33.225 Z54.121 F18000
G1 X32.022 Z53.203 F18000
G1 X30.912 Z52.304 F18000
G1 X29.894 Z51.425 F18000
G1 X28.971 Z50.566 F18000
G1 X28.142 Z49.728 F18000
G1 X27.408 Z48.911 F18000
G1 X26.771 Z48.115 F18000
G1 X26.231 Z47.341 F18000
G1 X25.789 Z46.589 F18000
G1 X25.444 Z45.859 F18000
G1 X25.197 Z45.152 F18000
G1 X25.049 Z44.467 F18000
G1 X25.000 Z43.806 F18000
G1 X25.049 Z43.169 F18000
G1 X25.197 Z42.555 F18000
G1 X25.444 Z41.966 F18000
G1 X25.789 Z41.401 F18000
G1 X26.231 Z40.860 F18000
G1 X26.771 Z40.344 F18000
G1 X27.408 Z39.854 F18000
G1 X28.142 Z39.389 F18000
G1 X28.971 Z38.949 F18000
G1 X29.894 Z38.534 F18000
G1 X30.912 Z38.146 F18000
G1 X32.022 Z37.784 F18000
G1 X33.225 Z37.448 F18000
G1 X34.517 Z37.138 F18000
G1 X35.899 Z36.855 F18000
G1 X37.369 Z36.598 F18000
G1 X38.926 Z36.368 F18000
G1 X40.567 Z36.165 F18000
G1 X42.292 Z35.989 F18000
G1 X44.098 Z35.840 F18000
G1 X45.984 Z35.717 F18000
G1 X47.949 Z35.622 F18000
G1 X49.989 Z35.554 F18000
G1 X52.103 Z35.514 F18000
G1 X54.289 Z35.500 F18000
G1 X56.545 Z35.514 F18000
G1 X58.869 Z35.554 F18000
G1 X61.258 Z35.622 F18000
G1 X63.709 Z35.717 F18000
G1 X66.221 Z35.840 F18000
G1 X68.792 Z35.989 F18000
G1 X71.417 Z36.165 F18000
G1 X74.096 Z36.368 F18000
G1 X76.825 Z36.598 F18000
G1 X79.601 Z36.855 F18000
G1 X82.422 Z37.138 F18000
G1 X85.285 Z37.448 F18000
G1 X88.188 Z37.784 F18000
G1 X91.126 Z38.146 F18000
G1 X94.098 Z38.534 F18000
G1 X97.101 Z38.949 F18000
G1 X100.131 Z39.389 F18000
G1 X103.186 Z39.854 F18000
G1 X106.262 Z40.344 F18000
G1 X109.357 Z40.860 F18000
G1 X112.467 Z41.401 F18000
G1 X115.589 Z41.966 F18000
G1 X118.721 Z42.555 F18000
G1 X121.859 Z43.169 F18000
G1 X125.000 Z43.806 F18000
G1 X128.141 Z44.467 F18000
G1 X131.279 Z45.152 F18000
G1 X134.411 Z45.859 F18000
G1 X137.533 Z46.589 F18000
G1 X140.643 Z47.341 F18000
G1 X143.738 Z48.115 F18000
G1 X146.814 Z48.911 F18000
G1 X149.869 Z49.728 F18000
G1 X152.899 Z50.566 F18000
G1 X155.902 Z51.425 F18000
G1 X158.874 Z52.304 F18000
G1 X161.812 Z53.203 F18000
G1 X164.715 Z54.121 F18000
G1 X167.578 Z55.058 F18000
G1 X170.399 Z56.014 F18000
G1 X173.175 Z56.988 F18000
G1 X175.904 Z57.980 F18000
G1 X178.583 Z58.989 F18000
G1 X181.208 Z60.015 F18000
G1 X183.779 Z61.057 F18000
G1 X186.291 Z62.116 F18000
G1 X188.742 Z63.190 F18000
G1 X191.131 Z64.279 F18000
G1 X193.455 Z65.382 F18000
G1 X195.711 Z66.500 F18000
G1 X197.897 Z67.631 F18000
G1 X200.011 Z68.776 F18000
G1 X202.051 Z69.933 F18000
G1 X204.016 Z71.102 F18000
G1 X205.902 Z72.282 F18000
G1 X207.708 Z73.474 F18000
G1 X209.433 Z74.676 F18000
G1 X211.074 Z75.889 F18000
G1 X212.631 Z77.110 F18000
G1 X214.101 Z78.341 F18000
G1 X215.483 Z79.580 F18000
G1 X216.775 Z80.827 F18000
G1 X217.978 Z82.081 F18000
G1 X219.088 Z83.342 F18000
G1 X220.106 Z84.609 F18000
G1 X221.029 Z85.882 F18000
G1 X221.858 Z87.160 F18000
G1 X222.592 Z88.443 F18000
G1 X223.229 Z89.729 F18000
G1 X223.769 Z91.019 F18000
G1 X224.211 Z92.312 F18000
G1 X224.556 Z93.607 F18000
G1 X224.803 Z94.904 F18000
G1 X224.951 Z96.202 F18000
G1 X225.000 Z97.500 F18000
G1 X224.951 Z98.798 F18000
G1 X224.803 Z100.096 F18000
G1 X224.556 Z101.393 F18000
G1 X224.211 Z102.688 F18000
G1 X223.769 Z103.981 F18000
G1 X223.229 Z105.271 F18000
G1 X222.592 Z106.557 F18000
G1 X221.858 Z107.840 F18000
G1 X221.029 Z109.118 F18000
G1 X220.106 Z110.391 F18000
G1 X219.088 Z111.658 F18000
G1 X217.978 Z112.919 F18000
G1 X216.775 Z114.173 F18000
G1 X215.483 Z115.420 F18000
G1 X214.101 Z116.659 F18000
G1 X212.631 Z117.890 F18000
G1 X211.074 Z119.111 F18000
G1 X209.433 Z120.324 F18000
G1 X207.708 Z121.526 F18000
G1 X205.902 Z122.718 F18000
G1 X204.016 Z123.898 F18000
G1 X202.051 Z125.067 F18000
G1 X200.011 Z126.224 F18000
G1 X197.897 Z127.369 F18000
G1 X195.711 Z128.500 F18000
G1 X193.455 Z129.618 F18000
G1 X191.131 Z130.721 F18000
G1 X188.742 Z131.810 F18000
G1 X186.291 Z132.884 F18000
G1 X183.779 Z133.943 F18000
G1 X181.208 Z134.985 F18000
G1 X178.583 Z136.011 F18000
G1 X175.904 Z137.020 F18000
G1 X173.175 Z138.012 F18000
G1 X170.399 Z138.986 F18000
G1 X167.578 Z139.942 F18000
G1 X164.715 Z140.879 F18000
G1 X161.812 Z141.797 F18000
G1 X158.874 Z142.696 F18000
G1 X155.902 Z143.575 F18000
G1 X152.899 Z144.434 F18000
G1 X149.869 Z145.272 F18000
G1 X146.814 Z146.089 F18000
G1 X143.738 Z146.885 F18000
G1 X140.643 Z147.659 F18000
G1 X137.533 Z148.411 F18000
G1 X134.411 Z149.141 F18000
G1 X131.279 Z149.848 F18000
G1 X128.141 Z150.533 F18000
G1 X125.000 Z151.194 F18000
G1 X121.859 Z151.831 F18000
G1 X118.721 Z152.445 F18000
G1 X115.589 Z153.034 F18000
G1 X112.467 Z153.599 F18000
G1 X109.357 Z154.140 F18000
G1 X106.262 Z154.656 F18000
G1 X103.186 Z155.146 F18000
G1 X100.131 Z155.611 F18000
G1 X97.101 Z156.051 F18000
G1 X94.098 Z156.466 F18000
G1 X91.126 Z156.854 F18000
G1 X88.188 Z157.216 F18000
G1 X85.285 Z157.552 F18000
G1 X82.422 Z157.862 F18000
G1 X79.601 Z158.145 F18000
G1 X76.825 Z158.402 F18000
G1 X74.096 Z158.632 F18000
G1 X71.417 Z158.835 F18000
G1 X68.792 Z159.011 F18000
G1 X66.221 Z159.160 F18000
G1 X63.709 Z159.283 F18000
G1 X61.258 Z159.378 F18000
G1 X58.869 Z159.446 F18000
G1 X56.545 Z159.486 F18000
G1 X54.289 Z159.500 F18000
G1 X52.103 Z159.486 F18000
G1 X49.989 Z159.446 F18000
G1 X47.949 Z159.378 F18000
G1 X45.984 Z159.283 F18000
G1 X44.098 Z159.160 F18000
G1 X42.292 Z159.011 F18000
G1 X40.567 Z158.835 F18000
G1 X38.926 Z158.632 F18000
G1 X37.369 Z158.402 F18000
G1 X35.899 Z158.145 F18000
G1 X34.517 Z157.862 F18000
G1 X33.225 Z157.552 F18000
G1 X32.022 Z157.216 F18000
G1 X30.912 Z156.854 F18000
G1 X29.894 Z156.466 F18000
G1 X28.971 Z156.051 F18000
G1 X28.142 Z155.611 F18000
G1 X27.408 Z155.146 F18000
G1 X26.771 Z154.656 F18000
G1 X26.231 Z154.140 F18000
G1 X25.789 Z153.599 F18000
G1 X25.444 Z153.034 F18000
G1 X25.197 Z152.445 F18000
G1 X25.049 Z151.831 F18000
G1 X25.000 Z151.194 F18000
G1 X25.049 Z150.533 F18000
G1 X25.197 Z149.848 F18000
G1 X25.444 Z149.141 F18000
G1 X25.789 Z148.411 F18000
G1 X26.231 Z147.659 F18000
G1 X26.771 Z146.885 F18000
G1 X27.408 Z146.089 F18000
G1 X28.142 Z145.272 F18000
G1 X28.971 Z144.434 F18000
G1 X29.894 Z143.575 F18000
G1 X30.912 Z142.696 F18000
G1 X32.022 Z141.797 F18000
G1 X33.225 Z140.879 F18000
G1 X34.517 Z139.942 F18000
G1 X35.899 Z138.986 F18000
G1 X37.369 Z138.012 F18000
G1 X38.926 Z137.020 F18000
G1 X40.567 Z136.011 F18000
G1 X42.292 Z134.985 F18000
G1 X44.098 Z133.943 F18000
G1 X45.984 Z132.884 F18000
G1 X47.949 Z131.810 F18000
G1 X49.989 Z130.721 F18000
G1 X52.103 Z129.618 F18000
G1 X54.289 Z128.500 F18000
G1 X56.545 Z127.369 F18000
G1 X58.869 Z126.224 F18000
G1 X61.258 Z125.067 F18000
G1 X63.709 Z123.898 F18000
G1 X66.221 Z122.718 F18000
G1 X68.792 Z121.526 F18000
G1 X71.417 Z120.324 F18000
G1 X74.096 Z119.111 F18000
G1 X76.825 Z117.890 F18000
G1 X79.601 Z116.659 F18000
G1 X82.422 Z115.420 F18000
G1 X85.285 Z114.173 F18000
G1 X88.188 Z112.919 F18000
G1 X91.126 Z111.658 F18000
G1 X94.098 Z110.391 F18000
G1 X97.101 Z109.118 F18000
G1 X100.131 Z107.840 F18000
G1 X103.186 Z106.557 F18000
G1 X106.262 Z105.271 F18000
G1 X109.357 Z103.981 F18000
G1 X112.467 Z102.688 F18000
G1 X115.589 Z101.393 F18000
G1 X118.721 Z100.096 F18000
G1 X121.859 Z98.798 F18000
G1 X125.000 Z97.500 F18000
G1 X128.141 Z96.202 F18000
G1 X131.279 Z94.904 F18000
G1 X134.411 Z93.607 F18000
G1 X137.533 Z92.312 F18000
G1 X140.643 Z91.019 F18000
G1 X143.738 Z89.729 F18000
G1 X146.814 Z88.443 F18000
G1 X149.869 Z87.160 F18000
G1 X152.899 Z85.882 F18000
G1 X155.902 Z84.609 F18000
G1 X158.874 Z83.342 F18000
G1 X161.812 Z82.081 F18000
G1 X164.715 Z80.827 F18000
G1 X167.578 Z79.580 F18000
G1 X170.399 Z78.341 F18000
G1 X173.175 Z77.110 F18000
G1 X175.904 Z75.889 F18000
G1 X178.583 Z74.676 F18000
G1 X181.208 Z73.474 F18000
G1 X183.779 Z72.282 F18000
G1 X186.291 Z71.102 F18000
G1 X188.742 Z69.933 F18000
G1 X191.131 Z68.776 F18000
G1 X193.455 Z67.631 F18000
G1 X195.711 Z66.500 F18000
G1 X197.897 Z65.382 F18000
G1 X200.011 Z64.279 F18000
G1 X202.051 Z63.190 F18000
G1 X204.016 Z62.116 F18000
G1 X205.902 Z61.057 F18000
G1 X207.708 Z60.015 F18000
G1 X209.433 Z58.989 F18000
G1 X211.074 Z57.980 F18000
G1 X212.631 Z56.988 F18000
G1 X214.101 Z56.014 F18000
G1 X215.483 Z55.058 F18000
G1 X216.775 Z54.121 F18000
G1 X217.978 Z53.203 F18000
G1 X219.088 Z52.304 F18000
G1 X220.106 Z51.425 F18000
G1 X221.029 Z50.566 F18000
G1 X221.858 Z49.728 F18000
G1 X222.592 Z48.911 F18000
G1 X223.229 Z48.115 F18000
G1 X223.769 Z47.341 F18000
G1 X224.211 Z46.589 F18000
G1 X224.556 Z45.859 F18000
G1 X224.803 Z45.152 F18000
G1 X224.951 Z44.467 F18000
G1 X225.000 Z43.806 F18000
G1 X224.951 Z43.169 F18000
G1 X224.803 Z42.555 F18000
G1 X224.556 Z41.966 F18000
G1 X224.211 Z41.401 F18000
G1 X223.769 Z40.860 F18000
G1 X223.229 Z40.344 F18000
G1 X222.592 Z39.854 F18000
G1 X221.858 Z39.389 F18000
G1 X221.029 Z38.949 F18000
G1 X220.106 Z38.534 F18000
G1 X219.088 Z38.146 F18000
G1 X217.978 Z37.784 F18000
G1 X216.775 Z37.448 F18000
G1 X215.483 Z37.138 F18000
G1 X214.101 Z36.855 F18000
G1 X212.631 Z36.598 F18000
G1 X211.074 Z36.368 F18000
G1 X209.433 Z36.165 F18000
G1 X207.708 Z35.989 F18000
G1 X205.902 Z35.840 F18000
G1 X204.016 Z35.717 F18000
G1 X202.051 Z35.622 F18000
G1 X200.011 Z35.554 F18000
G1 X197.897 Z35.514 F18000
G1 X195.711 Z35.500 F18000
G1 X193.455 Z35.514 F18000
G1 X191.131 Z35.554 F18000
G1 X188.742 Z35.622 F18000
G1 X186.291 Z35.717 F18000
G1 X183.779 Z35.840 F18000
G1 X181.208 Z35.989 F18000
G1 X178.583 Z36.165 F18000
G1 X175.904 Z36.368 F18000
G1 X173.175 Z36.598 F18000
G1 X170.399 Z36.855 F18000
G1 X167.578 Z37.138 F18000
G1 X164.715 Z37.448 F18000
G1 X161.812 Z37.784 F18000
G1 X158.874 Z38.146 F18000
G1 X155.902 Z38.534 F18000
G1 X152.899 Z38.949 F18000
G1 X149.869 Z39.389 F18000
G1 X146.814 Z39.854 F18000
G1 X143.738 Z40.344 F18000
G1 X140.643 Z40.860 F18000
G1 X137.533 Z41.401 F18000
G1 X134.411 Z41.966 F18000
G1 X131.279 Z42.555 F18000
G1 X128.141 Z43.169 F18000
G1 X125.000 Z43.806 F18000
G1 X121.859 Z44.467 F18000
G1 X118.721 Z45.152 F18000
G1 X115.589 Z45.859 F18000
G1 X112.467 Z46.589 F18000
G1 X109.357 Z47.341 F18000
G1 X106.262 Z48.115 F18000
G1 X103.186 Z48.911 F18000
G1 X100.131 Z49.728 F18000
G1 X97.101 Z50.566 F18000
G1 X94.098 Z51.425 F18000
G1 X91.126 Z52.304 F18000
G1 X88.188 Z53.203 F18000
G1 X85.285 Z54.121 F18000
G1 X82.422 Z55.058 F18000
G1 X79.601 Z56.014 F18000
G1 X76.825 Z56.988 F18000
G1 X74.096 Z57.980 F18000
G1 X71.417 Z58.989 F18000
G1 X68.792 Z60.015 F18000
G1 X66.221 Z61.057 F18000
G1 X63.709 Z62.116 F18000
G1 X61.258 Z63.190 F18000
G1 X58.869 Z64.279 F18000
G1 X56.545 Z65.382 F18000
G1 X54.289 Z66.500 F18000
G1 X52.103 Z67.631 F18000
G1 X49.989 Z68.776 F18000
G1 X47.949 Z69.933 F18000
G1 X45.984 Z71.102 F18000
G1 X44.098 Z72.282 F18000
G1 X42.292 Z73.474 F18000
G1 X40.567 Z74.676 F18000
G1 X38.926 Z75.889 F18000
G1 X37.369 Z77.110 F18000
G1 X35.899 Z78.341 F18000
G1 X34.517 Z79.580 F18000
G1 X33.225 Z80.827 F18000
G1 X32.022 Z82.081 F18000
G1 X30.912 Z83.342 F18000
G1 X29.894 Z84.609 F18000
G1 X28.971 Z85.882 F18000
G1 X28.142 Z87.160 F18000
G1 X27.408 Z88.443 F18000
G1 X26.771 Z89.729 F18000
G1 X26.231 Z91.019 F18000
G1 X25.789 Z92.312 F18000
G1 X25.444 Z93.607 F18000
G1 X25.197 Z94.904 F18000
G1 X25.049 Z96.202 F18000
G1 X25.000 Z97.500 F18000
G1 X25.049 Z98.798 F18000
G1 X25.197 Z100.096 F18000
G1 X25.444 Z101.393 F18000
G1 X25.789 Z102.688 F18000
G1 X26.231 Z103.981 F18000
G1 X26.771 Z105.271 F18000
G1 X27.408 Z106.557 F18000
G1 X28.142 Z107.840 F18000
G1 X28.971 Z109.118 F18000
G1 X29.894 Z110.391 F18000
G1 X30.912 Z111.658 F18000
G1 X32.022 Z112.919 F18000
G1 X33.225 Z114.173 F18000
G1 X34.517 Z115.420 F18000
G1 X35.899 Z116.659 F18000
G1 X37.369 Z117.890 F18000
G1 X38.926 Z119.111 F18000
G1 X40.567 Z120.324 F18000
G1 X42.292 Z121.526 F18000
G1 X44.098 Z122.718 F18000
G1 X45.984 Z123.898 F18000
G1 X47.949 Z125.067 F18000
G1 X49.989 Z126.224 F18000
G1 X52.103 Z127.369 F18000
G1 X54.289 Z128.500 F18000
G1 X56.545 Z129.618 F18000
G1 X58.869 Z130.721 F18000
G1 X61.258 Z131.810 F18000
G1 X63.709 Z132.884 F18000
G1 X66.221 Z133.943 F18000
G1 X68.792 Z134.985 F18000
G1 X71.417 Z136.011 F18000
G1 X74.096 Z137.020 F18000
G1 X76.825 Z138.012 F18000
G1 X79.601 Z138.986 F18000
G1 X82.422 Z139.942 F18000
G1 X85.285 Z140.879 F18000
G1 X88.188 Z141.797 F18000
G1 X91.126 Z142.696 F18000
G1 X94.098 Z143.575 F18000
G1 X97.101 Z144.434 F18000
G1 X100.131 Z145.272 F18000
G1 X103.186 Z146.089 F18000
G1 X106.262 Z146.885 F18000
G1 X109.357 Z147.659 F18000
G1 X112.467 Z148.411 F18000
G1 X115.589 Z149.141 F18000
G1 X118.721 Z149.848 F18000
G1 X121.859 Z150.533 F18000
G1 X125.000 Z151.194 F18000
G1 X128.141 Z151.831 F18000
G1 X131.279 Z152.445 F18000
G1 X134.411 Z153.034 F18000
G1 X137.533 Z153.599 F18000
G1 X140.643 Z154.140 F18000
G1 X143.738 Z154.656 F18000
G1 X146.814 Z155.146 F18000
G1 X149.869 Z155.611 F18000
G1 X152.899 Z156.051 F18000
G1 X155.902 Z156.466 F18000
G1 X158.874 Z156.854 F18000
G1 X161.812 Z157.216 F18000
G1 X164.715 Z157.552 F18000
G1 X167.578 Z157.862 F18000
G1 X170.399 Z158.145 F18000
G1 X173.175 Z158.402 F18000
G1 X175.904 Z158.632 F18000
G1 X178.583 Z158.835 F18000
G1 X181.208 Z159.011 F18000
G1 X183.779 Z159.160 F18000
G1 X186.291 Z159.283 F18000
G1 X188.742 Z159.378 F18000
G1 X191.131 Z159.446 F18000
G1 X193.455 Z159.486 F18000
G1 X195.711 Z159.500 F18000
G1 X197.897 Z159.486 F18000
G1 X200.011 Z159.446 F18000
G1 X202.051 Z159.378 F18000
G1 X204.016 Z159.283 F18000
G1 X205.902 Z159.160 F18000
G1 X207.708 Z159.011 F18000
G1 X209.433 Z158.835 F18000
G1 X211.074 Z158.632 F18000
G1 X212.631 Z158.402 F18000
G1 X214.101 Z158.145 F18000
G1 X215.483 Z157.862 F18000
G1 X216.775 Z157.552 F18000
G1 X217.978 Z157.216 F18000
G1 X219.088 Z156.854 F18000
G1 X220.106 Z156.466 F18000
G1 X221.029 Z156.051 F18000
G1 X221.858 Z155.611 F18000
G1 X222.592 Z155.146 F18000
G1 X223.229 Z154.656 F18000
G1 X223.769 Z154.140 F18000
G1 X224.211 Z153.599 F18000
G1 X224.556 Z153.034 F18000
G1 X224.803 Z152.445 F18000
G1 X224.951 Z151.831 F18000
G1 X225.000 Z151.194 F18000
G1 X224.951 Z150.533 F18000
G1 X224.803 Z149.848 F18000
G1 X224.556 Z149.141 F18000
G1 X224.211 Z148.411 F18000
G1 X223.769 Z147.659 F18000
G1 X223.229 Z146.885 F18000
G1 X222.592 Z146.089 F18000
G1 X221.858 Z145.272 F18000
G1 X221.029 Z144.434 F18000
G1 X220.106 Z143.575 F18000
G1 X219.088 Z142.696 F18000
G1 X217.978 Z141.797 F18000
G1 X216.775 Z140.879 F18000
G1 X215.483 Z139.942 F18000
G1 X214.101 Z138.986 F18000
G1 X212.631 Z138.012 F18000
G1 X211.074 Z137.020 F18000
G1 X209.433 Z136.011 F18000
G1 X207.708 Z134.985 F18000
G1 X205.902 Z133.943 F18000
G1 X204.016 Z132.884 F18000
G1 X202.051 Z131.810 F18000
G1 X200.011 Z130.721 F18000
G1 X197.897 Z129.618 F18000
G1 X195.711 Z128.500 F18000
G1 X193.455 Z127.369 F18000
G1 X191.131 Z126.224 F18000
G1 X188.742 Z125.067 F18000
G1 X186.291 Z123.898 F18000
G1 X183.779 Z122.718 F18000
G1 X181.208 Z121.526 F18000
G1 X178.583 Z120.324 F18000
G1 X175.904 Z119.111 F18000
G1 X173.175 Z117.890 F18000
G1 X170.399 Z116.659 F18000
G1 X167.578 Z115.420 F18000
G1 X164.715 Z114.173 F18000
G1 X161.812 Z112.919 F18000
G1 X158.874 Z111.658 F18000
G1 X155.902 Z110.391 F18000
G1 X152.899 Z109.118 F18000
G1 X149.869 Z107.840 F18000
G1 X146.814 Z106.557 F18000
G1 X143.738 Z105.271 F18000
G1 X140.643 Z103.981 F18000
G1 X137.533 Z102.688 F18000
G1 X134.411 Z101.393 F18000
G1 X131.279 Z100.096 F18000
G1 X128.141 Z98.798 F18000
G1 X125.000 Z97.500 F18000
G1 X121.859 Z96.202 F18000
G1 X118.721 Z94.904 F18000
G1 X115.589 Z93.607 F18000
G1 X112.467 Z92.312 F18000
G1 X109.357 Z91.019 F18000
G1 X106.262 Z89.729 F18000
G1 X103.186 Z88.443 F18000
G1 X100.131 Z87.160 F18000
G1 X97.101 Z85.882 F18000
G1 X94.098 Z84.609 F18000
G1 X91.126 Z83.342 F18000
G1 X88.188 Z82.081 F18000
G1 X85.285 Z80.827 F18000
G1 X82.422 Z79.580 F18000
G1 X79.601 Z78.341 F18000
G1 X76.825 Z77.110 F18000
G1 X74.096 Z75.889 F18000
G1 X71.417 Z74.676 F18000
G1 X68.792 Z73.474 F18000
G1 X66.221 Z72.282 F18000
G1 X63.709 Z71.102 F18000
G1 X61.258 Z69.933 F18000
G1 X58.869 Z68.776 F18000
G1 X56.545 Z67.631 F18000
G1 X54.289 Z66.500 F18000
G1 X52.103 Z65.382 F18000
G1 X49.989 Z64.279 F18000
G1 X47.949 Z63.190 F18000
G1 X45.984 Z62.116 F18000
G1 X44.098 Z61.057 F18000
G1 X42.292 Z60.015 F18000
G1 X40.567 Z58.989 F18000
G1 X38.926 Z57.980 F18000
G1 X37.369 Z56.988 F18000
G1 X35.899 Z56.014 F18000
G1 X34.517 Z55.058 F18000
G1 X33.225 Z54.121 F18000
G1 X32.022 Z53.203 F18000
G1 X30.912 Z52.304 F18000
G1 X29.894 Z51.425 F18000
G1 X28.971 Z50.566 F18000
G1 X28.142 Z49.728 F18000
G1 X27.408 Z48.911 F18000
G1 X26.771 Z48.115 F18000
G1 X26.231 Z47.341 F18000
G1 X25.789 Z46.589 F18000
G1 X25.444 Z45.859 F18000
G1 X25.197 Z45.152 F18000
G1 X25.049 Z44.467 F18000
G1 X25.000 Z43.806 F18000
G1 X25.049 Z43.169 F18000
G1 X25.197 Z42.555 F18000
G1 X25.444 Z41.966 F18000
G1 X25.789 Z41.401 F18000
G1 X26.231 Z40.860 F18000
G1 X26.771 Z40.344 F18000
G1 X27.408 Z39.854 F18000
G1 X28.142 Z39.389 F18000
G1 X28.971 Z38.949 F18000
G1 X29.894 Z38.534 F18000
G1 X30.912 Z38.146 F18000
G1 X32.022 Z37.784 F18000
G1 X33.225 Z37.448 F18000
G1 X34.517 Z37.138 F18000
G1 X35.899 Z36.855 F18000
G1 X37.369 Z36.598 F18000
G1 X38.926 Z36.368 F18000
G1 X40.567 Z36.165 F18000
G1 X42.292 Z35.989 F18000
G1 X44.098 Z35.840 F18000
G1 X45.984 Z35.717 F18000
G1 X47.949 Z35.622 F18000
G1 X49.989 Z35.554 F18000
G1 X52.103 Z35.514 F18000
G1 X54.289 Z35.500 F18000
G1 X56.545 Z35.514 F18000
G1 X58.869 Z35.554 F18000
G1 X61.258 Z35.622 F18000
G1 X63.709 Z35.717 F18000
G1 X66.221 Z35.840 F18000
G1 X68.792 Z35.989 F18000
G1 X71.417 Z36.165 F18000
G1 X74.096 Z36.368 F18000
G1 X76.825 Z36.598 F18000
G1 X79.601 Z36.855 F18000
G1 X82.422 Z37.138 F18000
G1 X85.285 Z37.448 F18000
G1 X88.188 Z37.784 F18000
G1 X91.126 Z38.146 F18000
G1 X94.098 Z38.534 F18000
G1 X97.101 Z38.949 F18000
G1 X100.131 Z39.389 F18000
G1 X103.186 Z39.854 F18000
G1 X106.262 Z40.344 F18000
G1 X109.357 Z40.860 F18000
G1 X112.467 Z41.401 F18000
G1 X115.589 Z41.966 F18000
G1 X118.721 Z42.555 F18000
G1 X121.859 Z43.169 F18000
G1 X125.000 Z43.806 F18000
G1 X128.141 Z44.467 F18000
G1 X131.279 Z45.152 F18000
G1 X134.411 Z45.859 F18000
G1 X137.533 Z46.589 F18000
G1 X140.643 Z47.341 F18000
G1 X143.738 Z48.115 F18000
G1 X146.814 Z48.911 F18000
G1 X149.869 Z49.728 F18000
G1 X152.899 Z50.566 F18000
G1 X155.902 Z51.425 F18000
G1 X158.874 Z52.304 F18000
G1 X161.812 Z53.203 F18000
G1 X164.715 Z54.121 F18000
G1 X167.578 Z55.058 F18000
G1 X170.399 Z56.014 F18000
G1 X173.175 Z56.988 F18000
G1 X175.904 Z57.980 F18000
G1 X178.583 Z58.989 F18000
G1 X181.208 Z60.015 F18000
G1 X183.779 Z61.057 F18000
G1 X186.291 Z62.116 F18000
G1 X188.742 Z63.190 F18000
G1 X191.131 Z64.279 F18000
G1 X193.455 Z65.382 F18000
G1 X195.711 Z66.500 F18000
G1 X197.897 Z67.631 F18000
G1 X200.011 Z68.776 F18000
G1 X202.051 Z69.933 F18000
G1 X204.016 Z71.102 F18000
G1 X205.902 Z72.282 F18000
G1 X207.708 Z73.474 F18000
G1 X209.433 Z74.676 F18000
G1 X211.074 Z75.889 F18000
G1 X212.631 Z77.110 F18000
G1 X214.101 Z78.341 F18000
G1 X215.483 Z79.580 F18000
G1 X216.775 Z80.827 F18000
G1 X217.978 Z82.081 F18000
G1 X219.088 Z83.342 F18000
G1 X220.106 Z84.609 F18000
G1 X221.029 Z85.882 F18000
G1 X221.858 Z87.160 F18000
G1 X222.592 Z88.443 F18000
G1 X223.229 Z89.729 F18000
G1 X223.769 Z91.019 F18000
G1 X224.211 Z92.312 F18000
G1 X224.556 Z93.607 F18000
G1 X224.803 Z94.904 F18000
G1 X224.951 Z96.202 F18000
G1 X225.000 Z97.500 F18000
G4 P400
M117 Five-point star
RESPOND MSG="Five-point star"
G1 X125.000 Z162.500 F9000
G1 X86.794 Z44.914 F18000
G1 X186.819 Z117.586 F18000
G1 X63.181 F18000
G1 X163.206 Z44.914 F18000
G1 X125.000 Z162.500 F18000
G1 X86.794 Z44.914 F18000
G1 X186.819 Z117.586 F18000
G1 X63.181 F18000
G1 X163.206 Z44.914 F18000
G1 X125.000 Z162.500 F18000
G1 X86.794 Z44.914 F18000
G1 X186.819 Z117.586 F18000
G1 X63.181 F18000
G1 X163.206 Z44.914 F18000
G1 X125.000 Z162.500 F18000
G1 Z97.500 F9000
G4 P400
G4 P1500
; ---- 3D helix ----
M117 3D helix - bed + gantry
RESPOND MSG="3D helix - bed + gantry"
G1 X170.000 Z30.000 F9000
G4 P400
G1 X169.890 Y108.139 Z30.188 F9000
G1 X169.562 Y111.263 Z30.375 F9000
G1 X169.017 Y114.356 Z30.562 F9000
G1 X168.257 Y117.404 Z30.750 F9000
G1 X167.286 Y120.391 Z30.938 F9000
G1 X166.110 Y123.303 Z31.125 F9000
G1 X164.733 Y126.126 Z31.312 F9000
G1 X163.162 Y128.846 Z31.500 F9000
G1 X161.406 Y131.450 Z31.688 F9000
G1 X159.472 Y133.925 Z31.875 F9000
G1 X157.370 Y136.260 Z32.062 F9000
G1 X155.111 Y138.442 Z32.250 F9000
G1 X152.705 Y140.460 Z32.438 F9000
G1 X150.164 Y142.307 Z32.625 F9000
G1 X147.500 Y143.971 Z32.812 F9000
G1 X144.727 Y145.446 Z33.000 F9000
G1 X141.857 Y146.723 Z33.188 F9000
G1 X138.906 Y147.798 Z33.375 F9000
G1 X135.886 Y148.663 Z33.562 F9000
G1 X132.814 Y149.316 Z33.750 F9000
G1 X129.704 Y149.753 Z33.938 F9000
G1 X126.570 Y149.973 Z34.125 F9000
G1 X123.430 Z34.312 F9000
G1 X120.296 Y149.753 Z34.500 F9000
G1 X117.186 Y149.316 Z34.688 F9000
G1 X114.114 Y148.663 Z34.875 F9000
G1 X111.094 Y147.798 Z35.062 F9000
G1 X108.143 Y146.723 Z35.250 F9000
G1 X105.273 Y145.446 Z35.438 F9000
G1 X102.500 Y143.971 Z35.625 F9000
G1 X99.836 Y142.307 Z35.812 F9000
G1 X97.295 Y140.460 Z36.000 F9000
G1 X94.889 Y138.442 Z36.188 F9000
G1 X92.630 Y136.260 Z36.375 F9000
G1 X90.528 Y133.925 Z36.562 F9000
G1 X88.594 Y131.450 Z36.750 F9000
G1 X86.838 Y128.846 Z36.938 F9000
G1 X85.267 Y126.126 Z37.125 F9000
G1 X83.890 Y123.303 Z37.312 F9000
G1 X82.714 Y120.391 Z37.500 F9000
G1 X81.743 Y117.404 Z37.688 F9000
G1 X80.983 Y114.356 Z37.875 F9000
G1 X80.438 Y111.263 Z38.062 F9000
G1 X80.110 Y108.139 Z38.250 F9000
G1 X80.000 Y105.000 Z38.438 F9000
G1 X80.110 Y101.861 Z38.625 F9000
G1 X80.438 Y98.737 Z38.812 F9000
G1 X80.983 Y95.644 Z39.000 F9000
G1 X81.743 Y92.596 Z39.188 F9000
G1 X82.714 Y89.609 Z39.375 F9000
G1 X83.890 Y86.697 Z39.562 F9000
G1 X85.267 Y83.874 Z39.750 F9000
G1 X86.838 Y81.154 Z39.938 F9000
G1 X88.594 Y78.550 Z40.125 F9000
G1 X90.528 Y76.075 Z40.312 F9000
G1 X92.630 Y73.740 Z40.500 F9000
G1 X94.889 Y71.558 Z40.688 F9000
G1 X97.295 Y69.540 Z40.875 F9000
G1 X99.836 Y67.693 Z41.062 F9000
G1 X102.500 Y66.029 Z41.250 F9000
G1 X105.273 Y64.554 Z41.438 F9000
G1 X108.143 Y63.277 Z41.625 F9000
G1 X111.094 Y62.202 Z41.812 F9000
G1 X114.114 Y61.337 Z42.000 F9000
G1 X117.186 Y60.684 Z42.188 F9000
G1 X120.296 Y60.247 Z42.375 F9000
G1 X123.430 Y60.027 Z42.562 F9000
G1 X126.570 Z42.750 F9000
G1 X129.704 Y60.247 Z42.938 F9000
G1 X132.814 Y60.684 Z43.125 F9000
G1 X135.886 Y61.337 Z43.312 F9000
G1 X138.906 Y62.202 Z43.500 F9000
G1 X141.857 Y63.277 Z43.688 F9000
G1 X144.727 Y64.554 Z43.875 F9000
G1 X147.500 Y66.029 Z44.062 F9000
G1 X150.164 Y67.693 Z44.250 F9000
G1 X152.705 Y69.540 Z44.438 F9000
G1 X155.111 Y71.558 Z44.625 F9000
G1 X157.370 Y73.740 Z44.812 F9000
G1 X159.472 Y76.075 Z45.000 F9000
G1 X161.406 Y78.550 Z45.188 F9000
G1 X163.162 Y81.154 Z45.375 F9000
G1 X164.733 Y83.874 Z45.562 F9000
G1 X166.110 Y86.697 Z45.750 F9000
G1 X167.286 Y89.609 Z45.938 F9000
G1 X168.257 Y92.596 Z46.125 F9000
G1 X169.017 Y95.644 Z46.312 F9000
G1 X169.562 Y98.737 Z46.500 F9000
G1 X169.890 Y101.861 Z46.688 F9000
G1 X170.000 Y105.000 Z46.875 F9000
G1 X169.890 Y108.139 Z47.062 F9000
G1 X169.562 Y111.263 Z47.250 F9000
G1 X169.017 Y114.356 Z47.438 F9000
G1 X168.257 Y117.404 Z47.625 F9000
G1 X167.286 Y120.391 Z47.812 F9000
G1 X166.110 Y123.303 Z48.000 F9000
G1 X164.733 Y126.126 Z48.188 F9000
G1 X163.162 Y128.846 Z48.375 F9000
G1 X161.406 Y131.450 Z48.562 F9000
G1 X159.472 Y133.925 Z48.750 F9000
G1 X157.370 Y136.260 Z48.938 F9000
G1 X155.111 Y138.442 Z49.125 F9000
G1 X152.705 Y140.460 Z49.312 F9000
G1 X150.164 Y142.307 Z49.500 F9000
G1 X147.500 Y143.971 Z49.688 F9000
G1 X144.727 Y145.446 Z49.875 F9000
G1 X141.857 Y146.723 Z50.062 F9000
G1 X138.906 Y147.798 Z50.250 F9000
G1 X135.886 Y148.663 Z50.438 F9000
G1 X132.814 Y149.316 Z50.625 F9000
G1 X129.704 Y149.753 Z50.812 F9000
G1 X126.570 Y149.973 Z51.000 F9000
G1 X123.430 Z51.188 F9000
G1 X120.296 Y149.753 Z51.375 F9000
G1 X117.186 Y149.316 Z51.562 F9000
G1 X114.114 Y148.663 Z51.750 F9000
G1 X111.094 Y147.798 Z51.938 F9000
G1 X108.143 Y146.723 Z52.125 F9000
G1 X105.273 Y145.446 Z52.312 F9000
G1 X102.500 Y143.971 Z52.500 F9000
G1 X99.836 Y142.307 Z52.688 F9000
G1 X97.295 Y140.460 Z52.875 F9000
G1 X94.889 Y138.442 Z53.062 F9000
G1 X92.630 Y136.260 Z53.250 F9000
G1 X90.528 Y133.925 Z53.438 F9000
G1 X88.594 Y131.450 Z53.625 F9000
G1 X86.838 Y128.846 Z53.812 F9000
G1 X85.267 Y126.126 Z54.000 F9000
G1 X83.890 Y123.303 Z54.188 F9000
G1 X82.714 Y120.391 Z54.375 F9000
G1 X81.743 Y117.404 Z54.562 F9000
G1 X80.983 Y114.356 Z54.750 F9000
G1 X80.438 Y111.263 Z54.938 F9000
G1 X80.110 Y108.139 Z55.125 F9000
G1 X80.000 Y105.000 Z55.312 F9000
G1 X80.110 Y101.861 Z55.500 F9000
G1 X80.438 Y98.737 Z55.688 F9000
G1 X80.983 Y95.644 Z55.875 F9000
G1 X81.743 Y92.596 Z56.062 F9000
G1 X82.714 Y89.609 Z56.250 F9000
G1 X83.890 Y86.697 Z56.438 F9000
G1 X85.267 Y83.874 Z56.625 F9000
G1 X86.838 Y81.154 Z56.812 F9000
G1 X88.594 Y78.550 Z57.000 F9000
G1 X90.528 Y76.075 Z57.188 F9000
G1 X92.630 Y73.740 Z57.375 F9000
G1 X94.889 Y71.558 Z57.562 F9000
G1 X97.295 Y69.540 Z57.750 F9000
G1 X99.836 Y67.693 Z57.938 F9000
G1 X102.500 Y66.029 Z58.125 F9000
G1 X105.273 Y64.554 Z58.312 F9000
G1 X108.143 Y63.277 Z58.500 F9000
G1 X111.094 Y62.202 Z58.688 F9000
G1 X114.114 Y61.337 Z58.875 F9000
G1 X117.186 Y60.684 Z59.062 F9000
G1 X120.296 Y60.247 Z59.250 F9000
G1 X123.430 Y60.027 Z59.438 F9000
G1 X126.570 Z59.625 F9000
G1 X129.704 Y60.247 Z59.812 F9000
G1 X132.814 Y60.684 Z60.000 F9000
G1 X135.886 Y61.337 Z60.188 F9000
G1 X138.906 Y62.202 Z60.375 F9000
G1 X141.857 Y63.277 Z60.562 F9000
G1 X144.727 Y64.554 Z60.750 F9000
G1 X147.500 Y66.029 Z60.938 F9000
G1 X150.164 Y67.693 Z61.125 F9000
G1 X152.705 Y69.540 Z61.312 F9000
G1 X155.111 Y71.558 Z61.500 F9000
G1 X157.370 Y73.740 Z61.688 F9000
G1 X159.472 Y76.075 Z61.875 F9000
G1 X161.406 Y78.550 Z62.062 F9000
G1 X163.162 Y81.154 Z62.250 F9000
G1 X164.733 Y83.874 Z62.438 F9000
G1 X166.110 Y86.697 Z62.625 F9000
G1 X167.286 Y89.609 Z62.812 F9000
G1 X168.257 Y92.596 Z63.000 F9000
G1 X169.017 Y95.644 Z63.188 F9000
G1 X169.562 Y98.737 Z63.375 F9000
G1 X169.890 Y101.861 Z63.562 F9000
G1 X170.000 Y105.000 Z63.750 F9000
G1 X169.890 Y108.139 Z63.938 F9000
G1 X169.562 Y111.263 Z64.125 F9000
G1 X169.017 Y114.356 Z64.312 F9000
G1 X168.257 Y117.404 Z64.500 F9000
G1 X167.286 Y120.391 Z64.688 F9000
G1 X166.110 Y123.303 Z64.875 F9000
G1 X164.733 Y126.126 Z65.062 F9000
G1 X163.162 Y128.846 Z65.250 F9000
G1 X161.406 Y131.450 Z65.438 F9000
G1 X159.472 Y133.925 Z65.625 F9000
G1 X157.370 Y136.260 Z65.812 F9000
G1 X155.111 Y138.442 Z66.000 F9000
G1 X152.705 Y140.460 Z66.188 F9000
G1 X150.164 Y142.307 Z66.375 F9000
G1 X147.500 Y143.971 Z66.562 F9000
G1 X144.727 Y145.446 Z66.750 F9000
G1 X141.857 Y146.723 Z66.938 F9000
G1 X138.906 Y147.798 Z67.125 F9000
G1 X135.886 Y148.663 Z67.312 F9000
G1 X132.814 Y149.316 Z67.500 F9000
G1 X129.704 Y149.753 Z67.688 F9000
G1 X126.570 Y149.973 Z67.875 F9000
G1 X123.430 Z68.062 F9000
G1 X120.296 Y149.753 Z68.250 F9000
G1 X117.186 Y149.316 Z68.438 F9000
G1 X114.114 Y148.663 Z68.625 F9000
G1 X111.094 Y147.798 Z68.812 F9000
G1 X108.143 Y146.723 Z69.000 F9000
G1 X105.273 Y145.446 Z69.188 F9000
G1 X102.500 Y143.971 Z69.375 F9000
G1 X99.836 Y142.307 Z69.562 F9000
G1 X97.295 Y140.460 Z69.750 F9000
G1 X94.889 Y138.442 Z69.938 F9000
G1 X92.630 Y136.260 Z70.125 F9000
G1 X90.528 Y133.925 Z70.312 F9000
G1 X88.594 Y131.450 Z70.500 F9000
G1 X86.838 Y128.846 Z70.688 F9000
G1 X85.267 Y126.126 Z70.875 F9000
G1 X83.890 Y123.303 Z71.062 F9000
G1 X82.714 Y120.391 Z71.250 F9000
G1 X81.743 Y117.404 Z71.438 F9000
G1 X80.983 Y114.356 Z71.625 F9000
G1 X80.438 Y111.263 Z71.812 F9000
G1 X80.110 Y108.139 Z72.000 F9000
G1 X80.000 Y105.000 Z72.188 F9000
G1 X80.110 Y101.861 Z72.375 F9000
G1 X80.438 Y98.737 Z72.562 F9000
G1 X80.983 Y95.644 Z72.750 F9000
G1 X81.743 Y92.596 Z72.938 F9000
G1 X82.714 Y89.609 Z73.125 F9000
G1 X83.890 Y86.697 Z73.312 F9000
G1 X85.267 Y83.874 Z73.500 F9000
G1 X86.838 Y81.154 Z73.688 F9000
G1 X88.594 Y78.550 Z73.875 F9000
G1 X90.528 Y76.075 Z74.062 F9000
G1 X92.630 Y73.740 Z74.250 F9000
G1 X94.889 Y71.558 Z74.438 F9000
G1 X97.295 Y69.540 Z74.625 F9000
G1 X99.836 Y67.693 Z74.812 F9000
G1 X102.500 Y66.029 Z75.000 F9000
G1 X105.273 Y64.554 Z75.188 F9000
G1 X108.143 Y63.277 Z75.375 F9000
G1 X111.094 Y62.202 Z75.562 F9000
G1 X114.114 Y61.337 Z75.750 F9000
G1 X117.186 Y60.684 Z75.938 F9000
G1 X120.296 Y60.247 Z76.125 F9000
G1 X123.430 Y60.027 Z76.312 F9000
G1 X126.570 Z76.500 F9000
G1 X129.704 Y60.247 Z76.688 F9000
G1 X132.814 Y60.684 Z76.875 F9000
G1 X135.886 Y61.337 Z77.062 F9000
G1 X138.906 Y62.202 Z77.250 F9000
G1 X141.857 Y63.277 Z77.438 F9000
G1 X144.727 Y64.554 Z77.625 F9000
G1 X147.500 Y66.029 Z77.812 F9000
G1 X150.164 Y67.693 Z78.000 F9000
G1 X152.705 Y69.540 Z78.188 F9000
G1 X155.111 Y71.558 Z78.375 F9000
G1 X157.370 Y73.740 Z78.562 F9000
G1 X159.472 Y76.075 Z78.750 F9000
G1 X161.406 Y78.550 Z78.938 F9000
G1 X163.162 Y81.154 Z79.125 F9000
G1 X164.733 Y83.874 Z79.312 F9000
G1 X166.110 Y86.697 Z79.500 F9000
G1 X167.286 Y89.609 Z79.688 F9000
G1 X168.257 Y92.596 Z79.875 F9000
G1 X169.017 Y95.644 Z80.062 F9000
G1 X169.562 Y98.737 Z80.250 F9000
G1 X169.890 Y101.861 Z80.438 F9000
G1 X170.000 Y105.000 Z80.625 F9000
G1 X169.890 Y108.139 Z80.812 F9000
G1 X169.562 Y111.263 Z81.000 F9000
G1 X169.017 Y114.356 Z81.188 F9000
G1 X168.257 Y117.404 Z81.375 F9000
G1 X167.286 Y120.391 Z81.562 F9000
G1 X166.110 Y123.303 Z81.750 F9000
G1 X164.733 Y126.126 Z81.938 F9000
G1 X163.162 Y128.846 Z82.125 F9000
G1 X161.406 Y131.450 Z82.312 F9000
G1 X159.472 Y133.925 Z82.500 F9000
G1 X157.370 Y136.260 Z82.688 F9000
G1 X155.111 Y138.442 Z82.875 F9000
G1 X152.705 Y140.460 Z83.062 F9000
G1 X150.164 Y142.307 Z83.250 F9000
G1 X147.500 Y143.971 Z83.438 F9000
G1 X144.727 Y145.446 Z83.625 F9000
G1 X141.857 Y146.723 Z83.812 F9000
G1 X138.906 Y147.798 Z84.000 F9000
G1 X135.886 Y148.663 Z84.188 F9000
G1 X132.814 Y149.316 Z84.375 F9000
G1 X129.704 Y149.753 Z84.562 F9000
G1 X126.570 Y149.973 Z84.750 F9000
G1 X123.430 Z84.938 F9000
G1 X120.296 Y149.753 Z85.125 F9000
G1 X117.186 Y149.316 Z85.312 F9000
G1 X114.114 Y148.663 Z85.500 F9000
G1 X111.094 Y147.798 Z85.688 F9000
G1 X108.143 Y146.723 Z85.875 F9000
G1 X105.273 Y145.446 Z86.062 F9000
G1 X102.500 Y143.971 Z86.250 F9000
G1 X99.836 Y142.307 Z86.438 F9000
G1 X97.295 Y140.460 Z86.625 F9000
G1 X94.889 Y138.442 Z86.812 F9000
G1 X92.630 Y136.260 Z87.000 F9000
G1 X90.528 Y133.925 Z87.188 F9000
G1 X88.594 Y131.450 Z87.375 F9000
G1 X86.838 Y128.846 Z87.562 F9000
G1 X85.267 Y126.126 Z87.750 F9000
G1 X83.890 Y123.303 Z87.938 F9000
G1 X82.714 Y120.391 Z88.125 F9000
G1 X81.743 Y117.404 Z88.312 F9000
G1 X80.983 Y114.356 Z88.500 F9000
G1 X80.438 Y111.263 Z88.688 F9000
G1 X80.110 Y108.139 Z88.875 F9000
G1 X80.000 Y105.000 Z89.062 F9000
G1 X80.110 Y101.861 Z89.250 F9000
G1 X80.438 Y98.737 Z89.438 F9000
G1 X80.983 Y95.644 Z89.625 F9000
G1 X81.743 Y92.596 Z89.812 F9000
G1 X82.714 Y89.609 Z90.000 F9000
G1 X83.890 Y86.697 Z90.188 F9000
G1 X85.267 Y83.874 Z90.375 F9000
G1 X86.838 Y81.154 Z90.562 F9000
G1 X88.594 Y78.550 Z90.750 F9000
G1 X90.528 Y76.075 Z90.938 F9000
G1 X92.630 Y73.740 Z91.125 F9000
G1 X94.889 Y71.558 Z91.312 F9000
G1 X97.295 Y69.540 Z91.500 F9000
G1 X99.836 Y67.693 Z91.688 F9000
G1 X102.500 Y66.029 Z91.875 F9000
G1 X105.273 Y64.554 Z92.062 F9000
G1 X108.143 Y63.277 Z92.250 F9000
G1 X111.094 Y62.202 Z92.438 F9000
G1 X114.114 Y61.337 Z92.625 F9000
G1 X117.186 Y60.684 Z92.812 F9000
G1 X120.296 Y60.247 Z93.000 F9000
G1 X123.430 Y60.027 Z93.188 F9000
G1 X126.570 Z93.375 F9000
G1 X129.704 Y60.247 Z93.562 F9000
G1 X132.814 Y60.684 Z93.750 F9000
G1 X135.886 Y61.337 Z93.938 F9000
G1 X138.906 Y62.202 Z94.125 F9000
G1 X141.857 Y63.277 Z94.312 F9000
G1 X144.727 Y64.554 Z94.500 F9000
G1 X147.500 Y66.029 Z94.688 F9000
G1 X150.164 Y67.693 Z94.875 F9000
G1 X152.705 Y69.540 Z95.062 F9000
G1 X155.111 Y71.558 Z95.250 F9000
G1 X157.370 Y73.740 Z95.438 F9000
G1 X159.472 Y76.075 Z95.625 F9000
G1 X161.406 Y78.550 Z95.812 F9000
G1 X163.162 Y81.154 Z96.000 F9000
G1 X164.733 Y83.874 Z96.188 F9000
G1 X166.110 Y86.697 Z96.375 F9000
G1 X167.286 Y89.609 Z96.562 F9000
G1 X168.257 Y92.596 Z96.750 F9000
G1 X169.017 Y95.644 Z96.938 F9000
G1 X169.562 Y98.737 Z97.125 F9000
G1 X169.890 Y101.861 Z97.312 F9000
G1 X170.000 Y105.000 Z97.500 F9000
G1 X169.890 Y108.139 Z97.688 F9000
G1 X169.562 Y111.263 Z97.875 F9000
G1 X169.017 Y114.356 Z98.062 F9000
G1 X168.257 Y117.404 Z98.250 F9000
G1 X167.286 Y120.391 Z98.438 F9000
G1 X166.110 Y123.303 Z98.625 F9000
G1 X164.733 Y126.126 Z98.812 F9000
G1 X163.162 Y128.846 Z99.000 F9000
G1 X161.406 Y131.450 Z99.188 F9000
G1 X159.472 Y133.925 Z99.375 F9000
G1 X157.370 Y136.260 Z99.562 F9000
G1 X155.111 Y138.442 Z99.750 F9000
G1 X152.705 Y140.460 Z99.938 F9000
G1 X150.164 Y142.307 Z100.125 F9000
G1 X147.500 Y143.971 Z100.312 F9000
G1 X144.727 Y145.446 Z100.500 F9000
G1 X141.857 Y146.723 Z100.688 F9000
G1 X138.906 Y147.798 Z100.875 F9000
G1 X135.886 Y148.663 Z101.062 F9000
G1 X132.814 Y149.316 Z101.250 F9000
G1 X129.704 Y149.753 Z101.438 F9000
G1 X126.570 Y149.973 Z101.625 F9000
G1 X123.430 Z101.812 F9000
G1 X120.296 Y149.753 Z102.000 F9000
G1 X117.186 Y149.316 Z102.188 F9000
G1 X114.114 Y148.663 Z102.375 F9000
G1 X111.094 Y147.798 Z102.562 F9000
G1 X108.143 Y146.723 Z102.750 F9000
G1 X105.273 Y145.446 Z102.938 F9000
G1 X102.500 Y143.971 Z103.125 F9000
G1 X99.836 Y142.307 Z103.312 F9000
G1 X97.295 Y140.460 Z103.500 F9000
G1 X94.889 Y138.442 Z103.688 F9000
G1 X92.630 Y136.260 Z103.875 F9000
G1 X90.528 Y133.925 Z104.062 F9000
G1 X88.594 Y131.450 Z104.250 F9000
G1 X86.838 Y128.846 Z104.438 F9000
G1 X85.267 Y126.126 Z104.625 F9000
G1 X83.890 Y123.303 Z104.812 F9000
G1 X82.714 Y120.391 Z105.000 F9000
G1 X81.743 Y117.404 Z105.188 F9000
G1 X80.983 Y114.356 Z105.375 F9000
G1 X80.438 Y111.263 Z105.562 F9000
G1 X80.110 Y108.139 Z105.750 F9000
G1 X80.000 Y105.000 Z105.938 F9000
G1 X80.110 Y101.861 Z106.125 F9000
G1 X80.438 Y98.737 Z106.312 F9000
G1 X80.983 Y95.644 Z106.500 F9000
G1 X81.743 Y92.596 Z106.688 F9000
G1 X82.714 Y89.609 Z106.875 F9000
G1 X83.890 Y86.697 Z107.062 F9000
G1 X85.267 Y83.874 Z107.250 F9000
G1 X86.838 Y81.154 Z107.438 F9000
G1 X88.594 Y78.550 Z107.625 F9000
G1 X90.528 Y76.075 Z107.812 F9000
G1 X92.630 Y73.740 Z108.000 F9000
G1 X94.889 Y71.558 Z108.188 F9000
G1 X97.295 Y69.540 Z108.375 F9000
G1 X99.836 Y67.693 Z108.562 F9000
G1 X102.500 Y66.029 Z108.750 F9000
G1 X105.273 Y64.554 Z108.938 F9000
G1 X108.143 Y63.277 Z109.125 F9000
G1 X111.094 Y62.202 Z109.312 F9000
G1 X114.114 Y61.337 Z109.500 F9000
G1 X117.186 Y60.684 Z109.688 F9000
G1 X120.296 Y60.247 Z109.875 F9000
G1 X123.430 Y60.027 Z110.062 F9000
G1 X126.570 Z110.250 F9000
G1 X129.704 Y60.247 Z110.438 F9000
G1 X132.814 Y60.684 Z110.625 F9000
G1 X135.886 Y61.337 Z110.812 F9000
G1 X138.906 Y62.202 Z111.000 F9000
G1 X141.857 Y63.277 Z111.188 F9000
G1 X144.727 Y64.554 Z111.375 F9000
G1 X147.500 Y66.029 Z111.562 F9000
G1 X150.164 Y67.693 Z111.750 F9000
G1 X152.705 Y69.540 Z111.938 F9000
G1 X155.111 Y71.558 Z112.125 F9000
G1 X157.370 Y73.740 Z112.313 F9000
G1 X159.472 Y76.075 Z112.500 F9000
G1 X161.406 Y78.550 Z112.688 F9000
G1 X163.162 Y81.154 Z112.875 F9000
G1 X164.733 Y83.874 Z113.062 F9000
G1 X166.110 Y86.697 Z113.250 F9000
G1 X167.286 Y89.609 Z113.438 F9000
G1 X168.257 Y92.596 Z113.625 F9000
G1 X169.017 Y95.644 Z113.812 F9000
G1 X169.562 Y98.737 Z114.000 F9000
G1 X169.890 Y101.861 Z114.188 F9000
G1 X170.000 Y105.000 Z114.375 F9000
G1 X169.890 Y108.139 Z114.562 F9000
G1 X169.562 Y111.263 Z114.750 F9000
G1 X169.017 Y114.356 Z114.938 F9000
G1 X168.257 Y117.404 Z115.125 F9000
G1 X167.286 Y120.391 Z115.312 F9000
G1 X166.110 Y123.303 Z115.500 F9000
G1 X164.733 Y126.126 Z115.688 F9000
G1 X163.162 Y128.846 Z115.875 F9000
G1 X161.406 Y131.450 Z116.062 F9000
G1 X159.472 Y133.925 Z116.250 F9000
G1 X157.370 Y136.260 Z116.437 F9000
G1 X155.111 Y138.442 Z116.625 F9000
G1 X152.705 Y140.460 Z116.812 F9000
G1 X150.164 Y142.307 Z117.000 F9000
G1 X147.500 Y143.971 Z117.188 F9000
G1 X144.727 Y145.446 Z117.375 F9000
G1 X141.857 Y146.723 Z117.562 F9000
G1 X138.906 Y147.798 Z117.750 F9000
G1 X135.886 Y148.663 Z117.938 F9000
G1 X132.814 Y149.316 Z118.125 F9000
G1 X129.704 Y149.753 Z118.312 F9000
G1 X126.570 Y149.973 Z118.500 F9000
G1 X123.430 Z118.688 F9000
G1 X120.296 Y149.753 Z118.875 F9000
G1 X117.186 Y149.316 Z119.062 F9000
G1 X114.114 Y148.663 Z119.250 F9000
G1 X111.094 Y147.798 Z119.438 F9000
G1 X108.143 Y146.723 Z119.625 F9000
G1 X105.273 Y145.446 Z119.812 F9000
G1 X102.500 Y143.971 Z120.000 F9000
G1 X99.836 Y142.307 Z120.188 F9000
G1 X97.295 Y140.460 Z120.375 F9000
G1 X94.889 Y138.442 Z120.562 F9000
G1 X92.630 Y136.260 Z120.750 F9000
G1 X90.528 Y133.925 Z120.938 F9000
G1 X88.594 Y131.450 Z121.125 F9000
G1 X86.838 Y128.846 Z121.312 F9000
G1 X85.267 Y126.126 Z121.500 F9000
G1 X83.890 Y123.303 Z121.688 F9000
G1 X82.714 Y120.391 Z121.875 F9000
G1 X81.743 Y117.404 Z122.062 F9000
G1 X80.983 Y114.356 Z122.250 F9000
G1 X80.438 Y111.263 Z122.438 F9000
G1 X80.110 Y108.139 Z122.625 F9000
G1 X80.000 Y105.000 Z122.812 F9000
G1 X80.110 Y101.861 Z123.000 F9000
G1 X80.438 Y98.737 Z123.188 F9000
G1 X80.983 Y95.644 Z123.375 F9000
G1 X81.743 Y92.596 Z123.562 F9000
G1 X82.714 Y89.609 Z123.750 F9000
G1 X83.890 Y86.697 Z123.938 F9000
G1 X85.267 Y83.874 Z124.125 F9000
G1 X86.838 Y81.154 Z124.312 F9000
G1 X88.594 Y78.550 Z124.500 F9000
G1 X90.528 Y76.075 Z124.688 F9000
G1 X92.630 Y73.740 Z124.875 F9000
G1 X94.889 Y71.558 Z125.062 F9000
G1 X97.295 Y69.540 Z125.250 F9000
G1 X99.836 Y67.693 Z125.438 F9000
G1 X102.500 Y66.029 Z125.625 F9000
G1 X105.273 Y64.554 Z125.812 F9000
G1 X108.143 Y63.277 Z126.000 F9000
G1 X111.094 Y62.202 Z126.188 F9000
G1 X114.114 Y61.337 Z126.375 F9000
G1 X117.186 Y60.684 Z126.562 F9000
G1 X120.296 Y60.247 Z126.750 F9000
G1 X123.430 Y60.027 Z126.938 F9000
G1 X126.570 Z127.125 F9000
G1 X129.704 Y60.247 Z127.312 F9000
G1 X132.814 Y60.684 Z127.500 F9000
G1 X135.886 Y61.337 Z127.688 F9000
G1 X138.906 Y62.202 Z127.875 F9000
G1 X141.857 Y63.277 Z128.062 F9000
G1 X144.727 Y64.554 Z128.250 F9000
G1 X147.500 Y66.029 Z128.438 F9000
G1 X150.164 Y67.693 Z128.625 F9000
G1 X152.705 Y69.540 Z128.812 F9000
G1 X155.111 Y71.558 Z129.000 F9000
G1 X157.370 Y73.740 Z129.188 F9000
G1 X159.472 Y76.075 Z129.375 F9000
G1 X161.406 Y78.550 Z129.562 F9000
G1 X163.162 Y81.154 Z129.750 F9000
G1 X164.733 Y83.874 Z129.938 F9000
G1 X166.110 Y86.697 Z130.125 F9000
G1 X167.286 Y89.609 Z130.312 F9000
G1 X168.257 Y92.596 Z130.500 F9000
G1 X169.017 Y95.644 Z130.688 F9000
G1 X169.562 Y98.737 Z130.875 F9000
G1 X169.890 Y101.861 Z131.062 F9000
G1 X170.000 Y105.000 Z131.250 F9000
G1 X169.890 Y108.139 Z131.438 F9000
G1 X169.562 Y111.263 Z131.625 F9000
G1 X169.017 Y114.356 Z131.812 F9000
G1 X168.257 Y117.404 Z132.000 F9000
G1 X167.286 Y120.391 Z132.188 F9000
G1 X166.110 Y123.303 Z132.375 F9000
G1 X164.733 Y126.126 Z132.562 F9000
G1 X163.162 Y128.846 Z132.750 F9000
G1 X161.406 Y131.450 Z132.938 F9000
G1 X159.472 Y133.925 Z133.125 F9000
G1 X157.370 Y136.260 Z133.312 F9000
G1 X155.111 Y138.442 Z133.500 F9000
G1 X152.705 Y140.460 Z133.688 F9000
G1 X150.164 Y142.307 Z133.875 F9000
G1 X147.500 Y143.971 Z134.062 F9000
G1 X144.727 Y145.446 Z134.250 F9000
G1 X141.857 Y146.723 Z134.438 F9000
G1 X138.906 Y147.798 Z134.625 F9000
G1 X135.886 Y148.663 Z134.812 F9000
G1 X132.814 Y149.316 Z135.000 F9000
G1 X129.704 Y149.753 Z135.188 F9000
G1 X126.570 Y149.973 Z135.375 F9000
G1 X123.430 Z135.562 F9000
G1 X120.296 Y149.753 Z135.750 F9000
G1 X117.186 Y149.316 Z135.938 F9000
G1 X114.114 Y148.663 Z136.125 F9000
G1 X111.094 Y147.798 Z136.312 F9000
G1 X108.143 Y146.723 Z136.500 F9000
G1 X105.273 Y145.446 Z136.688 F9000
G1 X102.500 Y143.971 Z136.875 F9000
G1 X99.836 Y142.307 Z137.062 F9000
G1 X97.295 Y140.460 Z137.250 F9000
G1 X94.889 Y138.442 Z137.438 F9000
G1 X92.630 Y136.260 Z137.625 F9000
G1 X90.528 Y133.925 Z137.812 F9000
G1 X88.594 Y131.450 Z138.000 F9000
G1 X86.838 Y128.846 Z138.188 F9000
G1 X85.267 Y126.126 Z138.375 F9000
G1 X83.890 Y123.303 Z138.562 F9000
G1 X82.714 Y120.391 Z138.750 F9000
G1 X81.743 Y117.404 Z138.938 F9000
G1 X80.983 Y114.356 Z139.125 F9000
G1 X80.438 Y111.263 Z139.312 F9000
G1 X80.110 Y108.139 Z139.500 F9000
G1 X80.000 Y105.000 Z139.688 F9000
G1 X80.110 Y101.861 Z139.875 F9000
G1 X80.438 Y98.737 Z140.062 F9000
G1 X80.983 Y95.644 Z140.250 F9000
G1 X81.743 Y92.596 Z140.438 F9000
G1 X82.714 Y89.609 Z140.625 F9000
G1 X83.890 Y86.697 Z140.812 F9000
G1 X85.267 Y83.874 Z141.000 F9000
G1 X86.838 Y81.154 Z141.188 F9000
G1 X88.594 Y78.550 Z141.375 F9000
G1 X90.528 Y76.075 Z141.562 F9000
G1 X92.630 Y73.740 Z141.750 F9000
G1 X94.889 Y71.558 Z141.938 F9000
G1 X97.295 Y69.540 Z142.125 F9000
G1 X99.836 Y67.693 Z142.312 F9000
G1 X102.500 Y66.029 Z142.500 F9000
G1 X105.273 Y64.554 Z142.688 F9000
G1 X108.143 Y63.277 Z142.875 F9000
G1 X111.094 Y62.202 Z143.062 F9000
G1 X114.114 Y61.337 Z143.250 F9000
G1 X117.186 Y60.684 Z143.438 F9000
G1 X120.296 Y60.247 Z143.625 F9000
G1 X123.430 Y60.027 Z143.812 F9000
G1 X126.570 Z144.000 F9000
G1 X129.704 Y60.247 Z144.188 F9000
G1 X132.814 Y60.684 Z144.375 F9000
G1 X135.886 Y61.337 Z144.562 F9000
G1 X138.906 Y62.202 Z144.750 F9000
G1 X141.857 Y63.277 Z144.938 F9000
G1 X144.727 Y64.554 Z145.125 F9000
G1 X147.500 Y66.029 Z145.312 F9000
G1 X150.164 Y67.693 Z145.500 F9000
G1 X152.705 Y69.540 Z145.688 F9000
G1 X155.111 Y71.558 Z145.875 F9000
G1 X157.370 Y73.740 Z146.062 F9000
G1 X159.472 Y76.075 Z146.250 F9000
G1 X161.406 Y78.550 Z146.438 F9000
G1 X163.162 Y81.154 Z146.625 F9000
G1 X164.733 Y83.874 Z146.812 F9000
G1 X166.110 Y86.697 Z147.000 F9000
G1 X167.286 Y89.609 Z147.188 F9000
G1 X168.257 Y92.596 Z147.375 F9000
G1 X169.017 Y95.644 Z147.562 F9000
G1 X169.562 Y98.737 Z147.750 F9000
G1 X169.890 Y101.861 Z147.938 F9000
G1 X170.000 Y105.000 Z148.125 F9000
G1 X169.890 Y108.139 Z148.312 F9000
G1 X169.562 Y111.263 Z148.500 F9000
G1 X169.017 Y114.356 Z148.688 F9000
G1 X168.257 Y117.404 Z148.875 F9000
G1 X167.286 Y120.391 Z149.062 F9000
G1 X166.110 Y123.303 Z149.250 F9000
G1 X164.733 Y126.126 Z149.438 F9000
G1 X163.162 Y128.846 Z149.625 F9000
G1 X161.406 Y131.450 Z149.812 F9000
G1 X159.472 Y133.925 Z150.000 F9000
G1 X157.370 Y136.260 Z150.188 F9000
G1 X155.111 Y138.442 Z150.375 F9000
G1 X152.705 Y140.460 Z150.562 F9000
G1 X150.164 Y142.307 Z150.750 F9000
G1 X147.500 Y143.971 Z150.938 F9000
G1 X144.727 Y145.446 Z151.125 F9000
G1 X141.857 Y146.723 Z151.312 F9000
G1 X138.906 Y147.798 Z151.500 F9000
G1 X135.886 Y148.663 Z151.688 F9000
G1 X132.814 Y149.316 Z151.875 F9000
G1 X129.704 Y149.753 Z152.062 F9000
G1 X126.570 Y149.973 Z152.250 F9000
G1 X123.430 Z152.438 F9000
G1 X120.296 Y149.753 Z152.625 F9000
G1 X117.186 Y149.316 Z152.812 F9000
G1 X114.114 Y148.663 Z153.000 F9000
G1 X111.094 Y147.798 Z153.188 F9000
G1 X108.143 Y146.723 Z153.375 F9000
G1 X105.273 Y145.446 Z153.562 F9000
G1 X102.500 Y143.971 Z153.750 F9000
G1 X99.836 Y142.307 Z153.938 F9000
G1 X97.295 Y140.460 Z154.125 F9000
G1 X94.889 Y138.442 Z154.312 F9000
G1 X92.630 Y136.260 Z154.500 F9000
G1 X90.528 Y133.925 Z154.688 F9000
G1 X88.594 Y131.450 Z154.875 F9000
G1 X86.838 Y128.846 Z155.062 F9000
G1 X85.267 Y126.126 Z155.250 F9000
G1 X83.890 Y123.303 Z155.438 F9000
G1 X82.714 Y120.391 Z155.625 F9000
G1 X81.743 Y117.404 Z155.812 F9000
G1 X80.983 Y114.356 Z156.000 F9000
G1 X80.438 Y111.263 Z156.188 F9000
G1 X80.110 Y108.139 Z156.375 F9000
G1 X80.000 Y105.000 Z156.562 F9000
G1 X80.110 Y101.861 Z156.750 F9000
G1 X80.438 Y98.737 Z156.938 F9000
G1 X80.983 Y95.644 Z157.125 F9000
G1 X81.743 Y92.596 Z157.312 F9000
G1 X82.714 Y89.609 Z157.500 F9000
G1 X83.890 Y86.697 Z157.688 F9000
G1 X85.267 Y83.874 Z157.875 F9000
G1 X86.838 Y81.154 Z158.062 F9000
G1 X88.594 Y78.550 Z158.250 F9000
G1 X90.528 Y76.075 Z158.438 F9000
G1 X92.630 Y73.740 Z158.625 F9000
G1 X94.889 Y71.558 Z158.812 F9000
G1 X97.295 Y69.540 Z159.000 F9000
G1 X99.836 Y67.693 Z159.188 F9000
G1 X102.500 Y66.029 Z159.375 F9000
G1 X105.273 Y64.554 Z159.562 F9000
G1 X108.143 Y63.277 Z159.750 F9000
G1 X111.094 Y62.202 Z159.938 F9000
G1 X114.114 Y61.337 Z160.125 F9000
G1 X117.186 Y60.684 Z160.312 F9000
G1 X120.296 Y60.247 Z160.500 F9000
G1 X123.430 Y60.027 Z160.688 F9000
G1 X126.570 Z160.875 F9000
G1 X129.704 Y60.247 Z161.062 F9000
G1 X132.814 Y60.684 Z161.250 F9000
G1 X135.886 Y61.337 Z161.438 F9000
G1 X138.906 Y62.202 Z161.625 F9000
G1 X141.857 Y63.277 Z161.812 F9000
G1 X144.727 Y64.554 Z162.000 F9000
G1 X147.500 Y66.029 Z162.188 F9000
G1 X150.164 Y67.693 Z162.375 F9000
G1 X152.705 Y69.540 Z162.562 F9000
G1 X155.111 Y71.558 Z162.750 F9000
G1 X157.370 Y73.740 Z162.938 F9000
G1 X159.472 Y76.075 Z163.125 F9000
G1 X161.406 Y78.550 Z163.312 F9000
G1 X163.162 Y81.154 Z163.500 F9000
G1 X164.733 Y83.874 Z163.688 F9000
G1 X166.110 Y86.697 Z163.875 F9000
G1 X167.286 Y89.609 Z164.062 F9000
G1 X168.257 Y92.596 Z164.250 F9000
G1 X169.017 Y95.644 Z164.438 F9000
G1 X169.562 Y98.737 Z164.625 F9000
G1 X169.890 Y101.861 Z164.812 F9000
G1 X170.000 Y105.000 Z165.000 F9000
G1 X169.890 Y108.139 Z164.812 F9000
G1 X169.562 Y111.263 Z164.625 F9000
G1 X169.017 Y114.356 Z164.438 F9000
G1 X168.257 Y117.404 Z164.250 F9000
G1 X167.286 Y120.391 Z164.062 F9000
G1 X166.110 Y123.303 Z163.875 F9000
G1 X164.733 Y126.126 Z163.688 F9000
G1 X163.162 Y128.846 Z163.500 F9000
G1 X161.406 Y131.450 Z163.312 F9000
G1 X159.472 Y133.925 Z163.125 F9000
G1 X157.370 Y136.260 Z162.938 F9000
G1 X155.111 Y138.442 Z162.750 F9000
G1 X152.705 Y140.460 Z162.562 F9000
G1 X150.164 Y142.307 Z162.375 F9000
G1 X147.500 Y143.971 Z162.188 F9000
G1 X144.727 Y145.446 Z162.000 F9000
G1 X141.857 Y146.723 Z161.812 F9000
G1 X138.906 Y147.798 Z161.625 F9000
G1 X135.886 Y148.663 Z161.438 F9000
G1 X132.814 Y149.316 Z161.250 F9000
G1 X129.704 Y149.753 Z161.062 F9000
G1 X126.570 Y149.973 Z160.875 F9000
G1 X123.430 Z160.688 F9000
G1 X120.296 Y149.753 Z160.500 F9000
G1 X117.186 Y149.316 Z160.312 F9000
G1 X114.114 Y148.663 Z160.125 F9000
G1 X111.094 Y147.798 Z159.938 F9000
G1 X108.143 Y146.723 Z159.750 F9000
G1 X105.273 Y145.446 Z159.562 F9000
G1 X102.500 Y143.971 Z159.375 F9000
G1 X99.836 Y142.307 Z159.188 F9000
G1 X97.295 Y140.460 Z159.000 F9000
G1 X94.889 Y138.442 Z158.812 F9000
G1 X92.630 Y136.260 Z158.625 F9000
G1 X90.528 Y133.925 Z158.438 F9000
G1 X88.594 Y131.450 Z158.250 F9000
G1 X86.838 Y128.846 Z158.062 F9000
G1 X85.267 Y126.126 Z157.875 F9000
G1 X83.890 Y123.303 Z157.688 F9000
G1 X82.714 Y120.391 Z157.500 F9000
G1 X81.743 Y117.404 Z157.312 F9000
G1 X80.983 Y114.356 Z157.125 F9000
G1 X80.438 Y111.263 Z156.938 F9000
G1 X80.110 Y108.139 Z156.750 F9000
G1 X80.000 Y105.000 Z156.562 F9000
G1 X80.110 Y101.861 Z156.375 F9000
G1 X80.438 Y98.737 Z156.188 F9000
G1 X80.983 Y95.644 Z156.000 F9000
G1 X81.743 Y92.596 Z155.812 F9000
G1 X82.714 Y89.609 Z155.625 F9000
G1 X83.890 Y86.697 Z155.438 F9000
G1 X85.267 Y83.874 Z155.250 F9000
G1 X86.838 Y81.154 Z155.062 F9000
G1 X88.594 Y78.550 Z154.875 F9000
G1 X90.528 Y76.075 Z154.688 F9000
G1 X92.630 Y73.740 Z154.500 F9000
G1 X94.889 Y71.558 Z154.312 F9000
G1 X97.295 Y69.540 Z154.125 F9000
G1 X99.836 Y67.693 Z153.938 F9000
G1 X102.500 Y66.029 Z153.750 F9000
G1 X105.273 Y64.554 Z153.562 F9000
G1 X108.143 Y63.277 Z153.375 F9000
G1 X111.094 Y62.202 Z153.188 F9000
G1 X114.114 Y61.337 Z153.000 F9000
G1 X117.186 Y60.684 Z152.812 F9000
G1 X120.296 Y60.247 Z152.625 F9000
G1 X123.430 Y60.027 Z152.438 F9000
G1 X126.570 Z152.250 F9000
G1 X129.704 Y60.247 Z152.062 F9000
G1 X132.814 Y60.684 Z151.875 F9000
G1 X135.886 Y61.337 Z151.688 F9000
G1 X138.906 Y62.202 Z151.500 F9000
G1 X141.857 Y63.277 Z151.312 F9000
G1 X144.727 Y64.554 Z151.125 F9000
G1 X147.500 Y66.029 Z150.938 F9000
G1 X150.164 Y67.693 Z150.750 F9000
G1 X152.705 Y69.540 Z150.562 F9000
G1 X155.111 Y71.558 Z150.375 F9000
G1 X157.370 Y73.740 Z150.188 F9000
G1 X159.472 Y76.075 Z150.000 F9000
G1 X161.406 Y78.550 Z149.812 F9000
G1 X163.162 Y81.154 Z149.625 F9000
G1 X164.733 Y83.874 Z149.438 F9000
G1 X166.110 Y86.697 Z149.250 F9000
G1 X167.286 Y89.609 Z149.062 F9000
G1 X168.257 Y92.596 Z148.875 F9000
G1 X169.017 Y95.644 Z148.688 F9000
G1 X169.562 Y98.737 Z148.500 F9000
G1 X169.890 Y101.861 Z148.312 F9000
G1 X170.000 Y105.000 Z148.125 F9000
G1 X169.890 Y108.139 Z147.938 F9000
G1 X169.562 Y111.263 Z147.750 F9000
G1 X169.017 Y114.356 Z147.562 F9000
G1 X168.257 Y117.404 Z147.375 F9000
G1 X167.286 Y120.391 Z147.188 F9000
G1 X166.110 Y123.303 Z147.000 F9000
G1 X164.733 Y126.126 Z146.812 F9000
G1 X163.162 Y128.846 Z146.625 F9000
G1 X161.406 Y131.450 Z146.438 F9000
G1 X159.472 Y133.925 Z146.250 F9000
G1 X157.370 Y136.260 Z146.062 F9000
G1 X155.111 Y138.442 Z145.875 F9000
G1 X152.705 Y140.460 Z145.688 F9000
G1 X150.164 Y142.307 Z145.500 F9000
G1 X147.500 Y143.971 Z145.312 F9000
G1 X144.727 Y145.446 Z145.125 F9000
G1 X141.857 Y146.723 Z144.938 F9000
G1 X138.906 Y147.798 Z144.750 F9000
G1 X135.886 Y148.663 Z144.562 F9000
G1 X132.814 Y149.316 Z144.375 F9000
G1 X129.704 Y149.753 Z144.188 F9000
G1 X126.570 Y149.973 Z144.000 F9000
G1 X123.430 Z143.812 F9000
G1 X120.296 Y149.753 Z143.625 F9000
G1 X117.186 Y149.316 Z143.438 F9000
G1 X114.114 Y148.663 Z143.250 F9000
G1 X111.094 Y147.798 Z143.062 F9000
G1 X108.143 Y146.723 Z142.875 F9000
G1 X105.273 Y145.446 Z142.688 F9000
G1 X102.500 Y143.971 Z142.500 F9000
G1 X99.836 Y142.307 Z142.312 F9000
G1 X97.295 Y140.460 Z142.125 F9000
G1 X94.889 Y138.442 Z141.938 F9000
G1 X92.630 Y136.260 Z141.750 F9000
G1 X90.528 Y133.925 Z141.562 F9000
G1 X88.594 Y131.450 Z141.375 F9000
G1 X86.838 Y128.846 Z141.188 F9000
G1 X85.267 Y126.126 Z141.000 F9000
G1 X83.890 Y123.303 Z140.812 F9000
G1 X82.714 Y120.391 Z140.625 F9000
G1 X81.743 Y117.404 Z140.438 F9000
G1 X80.983 Y114.356 Z140.250 F9000
G1 X80.438 Y111.263 Z140.062 F9000
G1 X80.110 Y108.139 Z139.875 F9000
G1 X80.000 Y105.000 Z139.688 F9000
G1 X80.110 Y101.861 Z139.500 F9000
G1 X80.438 Y98.737 Z139.312 F9000
G1 X80.983 Y95.644 Z139.125 F9000
G1 X81.743 Y92.596 Z138.938 F9000
G1 X82.714 Y89.609 Z138.750 F9000
G1 X83.890 Y86.697 Z138.562 F9000
G1 X85.267 Y83.874 Z138.375 F9000
G1 X86.838 Y81.154 Z138.188 F9000
G1 X88.594 Y78.550 Z138.000 F9000
G1 X90.528 Y76.075 Z137.812 F9000
G1 X92.630 Y73.740 Z137.625 F9000
G1 X94.889 Y71.558 Z137.438 F9000
G1 X97.295 Y69.540 Z137.250 F9000
G1 X99.836 Y67.693 Z137.062 F9000
G1 X102.500 Y66.029 Z136.875 F9000
G1 X105.273 Y64.554 Z136.688 F9000
G1 X108.143 Y63.277 Z136.500 F9000
G1 X111.094 Y62.202 Z136.312 F9000
G1 X114.114 Y61.337 Z136.125 F9000
G1 X117.186 Y60.684 Z135.938 F9000
G1 X120.296 Y60.247 Z135.750 F9000
G1 X123.430 Y60.027 Z135.562 F9000
G1 X126.570 Z135.375 F9000
G1 X129.704 Y60.247 Z135.188 F9000
G1 X132.814 Y60.684 Z135.000 F9000
G1 X135.886 Y61.337 Z134.812 F9000
G1 X138.906 Y62.202 Z134.625 F9000
G1 X141.857 Y63.277 Z134.438 F9000
G1 X144.727 Y64.554 Z134.250 F9000
G1 X147.500 Y66.029 Z134.062 F9000
G1 X150.164 Y67.693 Z133.875 F9000
G1 X152.705 Y69.540 Z133.688 F9000
G1 X155.111 Y71.558 Z133.500 F9000
G1 X157.370 Y73.740 Z133.312 F9000
G1 X159.472 Y76.075 Z133.125 F9000
G1 X161.406 Y78.550 Z132.938 F9000
G1 X163.162 Y81.154 Z132.750 F9000
G1 X164.733 Y83.874 Z132.562 F9000
G1 X166.110 Y86.697 Z132.375 F9000
G1 X167.286 Y89.609 Z132.188 F9000
G1 X168.257 Y92.596 Z132.000 F9000
G1 X169.017 Y95.644 Z131.812 F9000
G1 X169.562 Y98.737 Z131.625 F9000
G1 X169.890 Y101.861 Z131.438 F9000
G1 X170.000 Y105.000 Z131.250 F9000
G1 X169.890 Y108.139 Z131.062 F9000
G1 X169.562 Y111.263 Z130.875 F9000
G1 X169.017 Y114.356 Z130.688 F9000
G1 X168.257 Y117.404 Z130.500 F9000
G1 X167.286 Y120.391 Z130.312 F9000
G1 X166.110 Y123.303 Z130.125 F9000
G1 X164.733 Y126.126 Z129.938 F9000
G1 X163.162 Y128.846 Z129.750 F9000
G1 X161.406 Y131.450 Z129.562 F9000
G1 X159.472 Y133.925 Z129.375 F9000
G1 X157.370 Y136.260 Z129.188 F9000
G1 X155.111 Y138.442 Z129.000 F9000
G1 X152.705 Y140.460 Z128.812 F9000
G1 X150.164 Y142.307 Z128.625 F9000
G1 X147.500 Y143.971 Z128.438 F9000
G1 X144.727 Y145.446 Z128.250 F9000
G1 X141.857 Y146.723 Z128.062 F9000
G1 X138.906 Y147.798 Z127.875 F9000
G1 X135.886 Y148.663 Z127.688 F9000
G1 X132.814 Y149.316 Z127.500 F9000
G1 X129.704 Y149.753 Z127.312 F9000
G1 X126.570 Y149.973 Z127.125 F9000
G1 X123.430 Z126.938 F9000
G1 X120.296 Y149.753 Z126.750 F9000
G1 X117.186 Y149.316 Z126.562 F9000
G1 X114.114 Y148.663 Z126.375 F9000
G1 X111.094 Y147.798 Z126.188 F9000
G1 X108.143 Y146.723 Z126.000 F9000
G1 X105.273 Y145.446 Z125.812 F9000
G1 X102.500 Y143.971 Z125.625 F9000
G1 X99.836 Y142.307 Z125.437 F9000
G1 X97.295 Y140.460 Z125.250 F9000
G1 X94.889 Y138.442 Z125.062 F9000
G1 X92.630 Y136.260 Z124.875 F9000
G1 X90.528 Y133.925 Z124.688 F9000
G1 X88.594 Y131.450 Z124.500 F9000
G1 X86.838 Y128.846 Z124.312 F9000
G1 X85.267 Y126.126 Z124.125 F9000
G1 X83.890 Y123.303 Z123.938 F9000
G1 X82.714 Y120.391 Z123.750 F9000
G1 X81.743 Y117.404 Z123.562 F9000
G1 X80.983 Y114.356 Z123.375 F9000
G1 X80.438 Y111.263 Z123.188 F9000
G1 X80.110 Y108.139 Z123.000 F9000
G1 X80.000 Y105.000 Z122.812 F9000
G1 X80.110 Y101.861 Z122.625 F9000
G1 X80.438 Y98.737 Z122.438 F9000
G1 X80.983 Y95.644 Z122.250 F9000
G1 X81.743 Y92.596 Z122.062 F9000
G1 X82.714 Y89.609 Z121.875 F9000
G1 X83.890 Y86.697 Z121.688 F9000
G1 X85.267 Y83.874 Z121.500 F9000
G1 X86.838 Y81.154 Z121.312 F9000
G1 X88.594 Y78.550 Z121.125 F9000
G1 X90.528 Y76.075 Z120.938 F9000
G1 X92.630 Y73.740 Z120.750 F9000
G1 X94.889 Y71.558 Z120.563 F9000
G1 X97.295 Y69.540 Z120.375 F9000
G1 X99.836 Y67.693 Z120.188 F9000
G1 X102.500 Y66.029 Z120.000 F9000
G1 X105.273 Y64.554 Z119.813 F9000
G1 X108.143 Y63.277 Z119.625 F9000
G1 X111.094 Y62.202 Z119.438 F9000
G1 X114.114 Y61.337 Z119.250 F9000
G1 X117.186 Y60.684 Z119.062 F9000
G1 X120.296 Y60.247 Z118.875 F9000
G1 X123.430 Y60.027 Z118.688 F9000
G1 X126.570 Z118.500 F9000
G1 X129.704 Y60.247 Z118.312 F9000
G1 X132.814 Y60.684 Z118.125 F9000
G1 X135.886 Y61.337 Z117.938 F9000
G1 X138.906 Y62.202 Z117.750 F9000
G1 X141.857 Y63.277 Z117.562 F9000
G1 X144.727 Y64.554 Z117.375 F9000
G1 X147.500 Y66.029 Z117.187 F9000
G1 X150.164 Y67.693 Z117.000 F9000
G1 X152.705 Y69.540 Z116.812 F9000
G1 X155.111 Y71.558 Z116.625 F9000
G1 X157.370 Y73.740 Z116.437 F9000
G1 X159.472 Y76.075 Z116.250 F9000
G1 X161.406 Y78.550 Z116.062 F9000
G1 X163.162 Y81.154 Z115.875 F9000
G1 X164.733 Y83.874 Z115.688 F9000
G1 X166.110 Y86.697 Z115.500 F9000
G1 X167.286 Y89.609 Z115.312 F9000
G1 X168.257 Y92.596 Z115.125 F9000
G1 X169.017 Y95.644 Z114.938 F9000
G1 X169.562 Y98.737 Z114.750 F9000
G1 X169.890 Y101.861 Z114.562 F9000
G1 X170.000 Y105.000 Z114.375 F9000
G1 X169.890 Y108.139 Z114.188 F9000
G1 X169.562 Y111.263 Z114.000 F9000
G1 X169.017 Y114.356 Z113.812 F9000
G1 X168.257 Y117.404 Z113.625 F9000
G1 X167.286 Y120.391 Z113.438 F9000
G1 X166.110 Y123.303 Z113.250 F9000
G1 X164.733 Y126.126 Z113.062 F9000
G1 X163.162 Y128.846 Z112.875 F9000
G1 X161.406 Y131.450 Z112.688 F9000
G1 X159.472 Y133.925 Z112.500 F9000
G1 X157.370 Y136.260 Z112.313 F9000
G1 X155.111 Y138.442 Z112.125 F9000
G1 X152.705 Y140.460 Z111.938 F9000
G1 X150.164 Y142.307 Z111.750 F9000
G1 X147.500 Y143.971 Z111.563 F9000
G1 X144.727 Y145.446 Z111.375 F9000
G1 X141.857 Y146.723 Z111.188 F9000
G1 X138.906 Y147.798 Z111.000 F9000
G1 X135.886 Y148.663 Z110.812 F9000
G1 X132.814 Y149.316 Z110.625 F9000
G1 X129.704 Y149.753 Z110.438 F9000
G1 X126.570 Y149.973 Z110.250 F9000
G1 X123.430 Z110.062 F9000
G1 X120.296 Y149.753 Z109.875 F9000
G1 X117.186 Y149.316 Z109.688 F9000
G1 X114.114 Y148.663 Z109.500 F9000
G1 X111.094 Y147.798 Z109.312 F9000
G1 X108.143 Y146.723 Z109.125 F9000
G1 X105.273 Y145.446 Z108.937 F9000
G1 X102.500 Y143.971 Z108.750 F9000
G1 X99.836 Y142.307 Z108.562 F9000
G1 X97.295 Y140.460 Z108.375 F9000
G1 X94.889 Y138.442 Z108.187 F9000
G1 X92.630 Y136.260 Z108.000 F9000
G1 X90.528 Y133.925 Z107.812 F9000
G1 X88.594 Y131.450 Z107.625 F9000
G1 X86.838 Y128.846 Z107.438 F9000
G1 X85.267 Y126.126 Z107.250 F9000
G1 X83.890 Y123.303 Z107.062 F9000
G1 X82.714 Y120.391 Z106.875 F9000
G1 X81.743 Y117.404 Z106.688 F9000
G1 X80.983 Y114.356 Z106.500 F9000
G1 X80.438 Y111.263 Z106.312 F9000
G1 X80.110 Y108.139 Z106.125 F9000
G1 X80.000 Y105.000 Z105.938 F9000
G1 X80.110 Y101.861 Z105.750 F9000
G1 X80.438 Y98.737 Z105.562 F9000
G1 X80.983 Y95.644 Z105.375 F9000
G1 X81.743 Y92.596 Z105.188 F9000
G1 X82.714 Y89.609 Z105.000 F9000
G1 X83.890 Y86.697 Z104.812 F9000
G1 X85.267 Y83.874 Z104.625 F9000
G1 X86.838 Y81.154 Z104.438 F9000
G1 X88.594 Y78.550 Z104.250 F9000
G1 X90.528 Y76.075 Z104.062 F9000
G1 X92.630 Y73.740 Z103.875 F9000
G1 X94.889 Y71.558 Z103.688 F9000
G1 X97.295 Y69.540 Z103.500 F9000
G1 X99.836 Y67.693 Z103.313 F9000
G1 X102.500 Y66.029 Z103.125 F9000
G1 X105.273 Y64.554 Z102.938 F9000
G1 X108.143 Y63.277 Z102.750 F9000
G1 X111.094 Y62.202 Z102.562 F9000
G1 X114.114 Y61.337 Z102.375 F9000
G1 X117.186 Y60.684 Z102.188 F9000
G1 X120.296 Y60.247 Z102.000 F9000
G1 X123.430 Y60.027 Z101.812 F9000
G1 X126.570 Z101.625 F9000
G1 X129.704 Y60.247 Z101.438 F9000
G1 X132.814 Y60.684 Z101.250 F9000
G1 X135.886 Y61.337 Z101.062 F9000
G1 X138.906 Y62.202 Z100.875 F9000
G1 X141.857 Y63.277 Z100.688 F9000
G1 X144.727 Y64.554 Z100.500 F9000
G1 X147.500 Y66.029 Z100.312 F9000
G1 X150.164 Y67.693 Z100.125 F9000
G1 X152.705 Y69.540 Z99.937 F9000
G1 X155.111 Y71.558 Z99.750 F9000
G1 X157.370 Y73.740 Z99.562 F9000
G1 X159.472 Y76.075 Z99.375 F9000
G1 X161.406 Y78.550 Z99.188 F9000
G1 X163.162 Y81.154 Z99.000 F9000
G1 X164.733 Y83.874 Z98.812 F9000
G1 X166.110 Y86.697 Z98.625 F9000
G1 X167.286 Y89.609 Z98.438 F9000
G1 X168.257 Y92.596 Z98.250 F9000
G1 X169.017 Y95.644 Z98.062 F9000
G1 X169.562 Y98.737 Z97.875 F9000
G1 X169.890 Y101.861 Z97.688 F9000
G1 X170.000 Y105.000 Z97.500 F9000
G1 X169.890 Y108.139 Z97.312 F9000
G1 X169.562 Y111.263 Z97.125 F9000
G1 X169.017 Y114.356 Z96.938 F9000
G1 X168.257 Y117.404 Z96.750 F9000
G1 X167.286 Y120.391 Z96.562 F9000
G1 X166.110 Y123.303 Z96.375 F9000
G1 X164.733 Y126.126 Z96.188 F9000
G1 X163.162 Y128.846 Z96.000 F9000
G1 X161.406 Y131.450 Z95.812 F9000
G1 X159.472 Y133.925 Z95.625 F9000
G1 X157.370 Y136.260 Z95.438 F9000
G1 X155.111 Y138.442 Z95.250 F9000
G1 X152.705 Y140.460 Z95.062 F9000
G1 X150.164 Y142.307 Z94.875 F9000
G1 X147.500 Y143.971 Z94.688 F9000
G1 X144.727 Y145.446 Z94.500 F9000
G1 X141.857 Y146.723 Z94.312 F9000
G1 X138.906 Y147.798 Z94.125 F9000
G1 X135.886 Y148.663 Z93.938 F9000
G1 X132.814 Y149.316 Z93.750 F9000
G1 X129.704 Y149.753 Z93.562 F9000
G1 X126.570 Y149.973 Z93.375 F9000
G1 X123.430 Z93.188 F9000
G1 X120.296 Y149.753 Z93.000 F9000
G1 X117.186 Y149.316 Z92.812 F9000
G1 X114.114 Y148.663 Z92.625 F9000
G1 X111.094 Y147.798 Z92.438 F9000
G1 X108.143 Y146.723 Z92.250 F9000
G1 X105.273 Y145.446 Z92.062 F9000
G1 X102.500 Y143.971 Z91.875 F9000
G1 X99.836 Y142.307 Z91.688 F9000
G1 X97.295 Y140.460 Z91.500 F9000
G1 X94.889 Y138.442 Z91.312 F9000
G1 X92.630 Y136.260 Z91.125 F9000
G1 X90.528 Y133.925 Z90.938 F9000
G1 X88.594 Y131.450 Z90.750 F9000
G1 X86.838 Y128.846 Z90.562 F9000
G1 X85.267 Y126.126 Z90.375 F9000
G1 X83.890 Y123.303 Z90.188 F9000
G1 X82.714 Y120.391 Z90.000 F9000
G1 X81.743 Y117.404 Z89.812 F9000
G1 X80.983 Y114.356 Z89.625 F9000
G1 X80.438 Y111.263 Z89.438 F9000
G1 X80.110 Y108.139 Z89.250 F9000
G1 X80.000 Y105.000 Z89.062 F9000
G1 X80.110 Y101.861 Z88.875 F9000
G1 X80.438 Y98.737 Z88.688 F9000
G1 X80.983 Y95.644 Z88.500 F9000
G1 X81.743 Y92.596 Z88.312 F9000
G1 X82.714 Y89.609 Z88.125 F9000
G1 X83.890 Y86.697 Z87.938 F9000
G1 X85.267 Y83.874 Z87.750 F9000
G1 X86.838 Y81.154 Z87.562 F9000
G1 X88.594 Y78.550 Z87.375 F9000
G1 X90.528 Y76.075 Z87.188 F9000
G1 X92.630 Y73.740 Z87.000 F9000
G1 X94.889 Y71.558 Z86.812 F9000
G1 X97.295 Y69.540 Z86.625 F9000
G1 X99.836 Y67.693 Z86.438 F9000
G1 X102.500 Y66.029 Z86.250 F9000
G1 X105.273 Y64.554 Z86.062 F9000
G1 X108.143 Y63.277 Z85.875 F9000
G1 X111.094 Y62.202 Z85.688 F9000
G1 X114.114 Y61.337 Z85.500 F9000
G1 X117.186 Y60.684 Z85.312 F9000
G1 X120.296 Y60.247 Z85.125 F9000
G1 X123.430 Y60.027 Z84.938 F9000
G1 X126.570 Z84.750 F9000
G1 X129.704 Y60.247 Z84.562 F9000
G1 X132.814 Y60.684 Z84.375 F9000
G1 X135.886 Y61.337 Z84.188 F9000
G1 X138.906 Y62.202 Z84.000 F9000
G1 X141.857 Y63.277 Z83.812 F9000
G1 X144.727 Y64.554 Z83.625 F9000
G1 X147.500 Y66.029 Z83.438 F9000
G1 X150.164 Y67.693 Z83.250 F9000
G1 X152.705 Y69.540 Z83.062 F9000
G1 X155.111 Y71.558 Z82.875 F9000
G1 X157.370 Y73.740 Z82.688 F9000
G1 X159.472 Y76.075 Z82.500 F9000
G1 X161.406 Y78.550 Z82.312 F9000
G1 X163.162 Y81.154 Z82.125 F9000
G1 X164.733 Y83.874 Z81.938 F9000
G1 X166.110 Y86.697 Z81.750 F9000
G1 X167.286 Y89.609 Z81.562 F9000
G1 X168.257 Y92.596 Z81.375 F9000
G1 X169.017 Y95.644 Z81.188 F9000
G1 X169.562 Y98.737 Z81.000 F9000
G1 X169.890 Y101.861 Z80.812 F9000
G1 X170.000 Y105.000 Z80.625 F9000
G1 X169.890 Y108.139 Z80.438 F9000
G1 X169.562 Y111.263 Z80.250 F9000
G1 X169.017 Y114.356 Z80.062 F9000
G1 X168.257 Y117.404 Z79.875 F9000
G1 X167.286 Y120.391 Z79.688 F9000
G1 X166.110 Y123.303 Z79.500 F9000
G1 X164.733 Y126.126 Z79.312 F9000
G1 X163.162 Y128.846 Z79.125 F9000
G1 X161.406 Y131.450 Z78.938 F9000
G1 X159.472 Y133.925 Z78.750 F9000
G1 X157.370 Y136.260 Z78.562 F9000
G1 X155.111 Y138.442 Z78.375 F9000
G1 X152.705 Y140.460 Z78.188 F9000
G1 X150.164 Y142.307 Z78.000 F9000
G1 X147.500 Y143.971 Z77.812 F9000
G1 X144.727 Y145.446 Z77.625 F9000
G1 X141.857 Y146.723 Z77.438 F9000
G1 X138.906 Y147.798 Z77.250 F9000
G1 X135.886 Y148.663 Z77.062 F9000
G1 X132.814 Y149.316 Z76.875 F9000
G1 X129.704 Y149.753 Z76.688 F9000
G1 X126.570 Y149.973 Z76.500 F9000
G1 X123.430 Z76.312 F9000
G1 X120.296 Y149.753 Z76.125 F9000
G1 X117.186 Y149.316 Z75.938 F9000
G1 X114.114 Y148.663 Z75.750 F9000
G1 X111.094 Y147.798 Z75.562 F9000
G1 X108.143 Y146.723 Z75.375 F9000
G1 X105.273 Y145.446 Z75.188 F9000
G1 X102.500 Y143.971 Z75.000 F9000
G1 X99.836 Y142.307 Z74.812 F9000
G1 X97.295 Y140.460 Z74.625 F9000
G1 X94.889 Y138.442 Z74.438 F9000
G1 X92.630 Y136.260 Z74.250 F9000
G1 X90.528 Y133.925 Z74.062 F9000
G1 X88.594 Y131.450 Z73.875 F9000
G1 X86.838 Y128.846 Z73.688 F9000
G1 X85.267 Y126.126 Z73.500 F9000
G1 X83.890 Y123.303 Z73.312 F9000
G1 X82.714 Y120.391 Z73.125 F9000
G1 X81.743 Y117.404 Z72.938 F9000
G1 X80.983 Y114.356 Z72.750 F9000
G1 X80.438 Y111.263 Z72.562 F9000
G1 X80.110 Y108.139 Z72.375 F9000
G1 X80.000 Y105.000 Z72.188 F9000
G1 X80.110 Y101.861 Z72.000 F9000
G1 X80.438 Y98.737 Z71.812 F9000
G1 X80.983 Y95.644 Z71.625 F9000
G1 X81.743 Y92.596 Z71.438 F9000
G1 X82.714 Y89.609 Z71.250 F9000
G1 X83.890 Y86.697 Z71.062 F9000
G1 X85.267 Y83.874 Z70.875 F9000
G1 X86.838 Y81.154 Z70.688 F9000
G1 X88.594 Y78.550 Z70.500 F9000
G1 X90.528 Y76.075 Z70.312 F9000
G1 X92.630 Y73.740 Z70.125 F9000
G1 X94.889 Y71.558 Z69.938 F9000
G1 X97.295 Y69.540 Z69.750 F9000
G1 X99.836 Y67.693 Z69.562 F9000
G1 X102.500 Y66.029 Z69.375 F9000
G1 X105.273 Y64.554 Z69.188 F9000
G1 X108.143 Y63.277 Z69.000 F9000
G1 X111.094 Y62.202 Z68.812 F9000
G1 X114.114 Y61.337 Z68.625 F9000
G1 X117.186 Y60.684 Z68.438 F9000
G1 X120.296 Y60.247 Z68.250 F9000
G1 X123.430 Y60.027 Z68.062 F9000
G1 X126.570 Z67.875 F9000
G1 X129.704 Y60.247 Z67.688 F9000
G1 X132.814 Y60.684 Z67.500 F9000
G1 X135.886 Y61.337 Z67.312 F9000
G1 X138.906 Y62.202 Z67.125 F9000
G1 X141.857 Y63.277 Z66.938 F9000
G1 X144.727 Y64.554 Z66.750 F9000
G1 X147.500 Y66.029 Z66.562 F9000
G1 X150.164 Y67.693 Z66.375 F9000
G1 X152.705 Y69.540 Z66.188 F9000
G1 X155.111 Y71.558 Z66.000 F9000
G1 X157.370 Y73.740 Z65.812 F9000
G1 X159.472 Y76.075 Z65.625 F9000
G1 X161.406 Y78.550 Z65.438 F9000
G1 X163.162 Y81.154 Z65.250 F9000
G1 X164.733 Y83.874 Z65.062 F9000
G1 X166.110 Y86.697 Z64.875 F9000
G1 X167.286 Y89.609 Z64.688 F9000
G1 X168.257 Y92.596 Z64.500 F9000
G1 X169.017 Y95.644 Z64.312 F9000
G1 X169.562 Y98.737 Z64.125 F9000
G1 X169.890 Y101.861 Z63.938 F9000
G1 X170.000 Y105.000 Z63.750 F9000
G1 X169.890 Y108.139 Z63.562 F9000
G1 X169.562 Y111.263 Z63.375 F9000
G1 X169.017 Y114.356 Z63.188 F9000
G1 X168.257 Y117.404 Z63.000 F9000
G1 X167.286 Y120.391 Z62.812 F9000
G1 X166.110 Y123.303 Z62.625 F9000
G1 X164.733 Y126.126 Z62.438 F9000
G1 X163.162 Y128.846 Z62.250 F9000
G1 X161.406 Y131.450 Z62.063 F9000
G1 X159.472 Y133.925 Z61.875 F9000
G1 X157.370 Y136.260 Z61.688 F9000
G1 X155.111 Y138.442 Z61.500 F9000
G1 X152.705 Y140.460 Z61.312 F9000
G1 X150.164 Y142.307 Z61.125 F9000
G1 X147.500 Y143.971 Z60.938 F9000
G1 X144.727 Y145.446 Z60.750 F9000
G1 X141.857 Y146.723 Z60.562 F9000
G1 X138.906 Y147.798 Z60.375 F9000
G1 X135.886 Y148.663 Z60.188 F9000
G1 X132.814 Y149.316 Z60.000 F9000
G1 X129.704 Y149.753 Z59.812 F9000
G1 X126.570 Y149.973 Z59.625 F9000
G1 X123.430 Z59.438 F9000
G1 X120.296 Y149.753 Z59.250 F9000
G1 X117.186 Y149.316 Z59.062 F9000
G1 X114.114 Y148.663 Z58.875 F9000
G1 X111.094 Y147.798 Z58.688 F9000
G1 X108.143 Y146.723 Z58.500 F9000
G1 X105.273 Y145.446 Z58.312 F9000
G1 X102.500 Y143.971 Z58.125 F9000
G1 X99.836 Y142.307 Z57.938 F9000
G1 X97.295 Y140.460 Z57.750 F9000
G1 X94.889 Y138.442 Z57.563 F9000
G1 X92.630 Y136.260 Z57.375 F9000
G1 X90.528 Y133.925 Z57.187 F9000
G1 X88.594 Y131.450 Z57.000 F9000
G1 X86.838 Y128.846 Z56.812 F9000
G1 X85.267 Y126.126 Z56.625 F9000
G1 X83.890 Y123.303 Z56.438 F9000
G1 X82.714 Y120.391 Z56.250 F9000
G1 X81.743 Y117.404 Z56.062 F9000
G1 X80.983 Y114.356 Z55.875 F9000
G1 X80.438 Y111.263 Z55.688 F9000
G1 X80.110 Y108.139 Z55.500 F9000
G1 X80.000 Y105.000 Z55.312 F9000
G1 X80.110 Y101.861 Z55.125 F9000
G1 X80.438 Y98.737 Z54.938 F9000
G1 X80.983 Y95.644 Z54.750 F9000
G1 X81.743 Y92.596 Z54.562 F9000
G1 X82.714 Y89.609 Z54.375 F9000
G1 X83.890 Y86.697 Z54.188 F9000
G1 X85.267 Y83.874 Z54.000 F9000
G1 X86.838 Y81.154 Z53.813 F9000
G1 X88.594 Y78.550 Z53.625 F9000
G1 X90.528 Y76.075 Z53.438 F9000
G1 X92.630 Y73.740 Z53.250 F9000
G1 X94.889 Y71.558 Z53.062 F9000
G1 X97.295 Y69.540 Z52.875 F9000
G1 X99.836 Y67.693 Z52.687 F9000
G1 X102.500 Y66.029 Z52.500 F9000
G1 X105.273 Y64.554 Z52.312 F9000
G1 X108.143 Y63.277 Z52.125 F9000
G1 X111.094 Y62.202 Z51.938 F9000
G1 X114.114 Y61.337 Z51.750 F9000
G1 X117.186 Y60.684 Z51.562 F9000
G1 X120.296 Y60.247 Z51.375 F9000
G1 X123.430 Y60.027 Z51.188 F9000
G1 X126.570 Z51.000 F9000
G1 X129.704 Y60.247 Z50.812 F9000
G1 X132.814 Y60.684 Z50.625 F9000
G1 X135.886 Y61.337 Z50.438 F9000
G1 X138.906 Y62.202 Z50.250 F9000
G1 X141.857 Y63.277 Z50.062 F9000
G1 X144.727 Y64.554 Z49.875 F9000
G1 X147.500 Y66.029 Z49.688 F9000
G1 X150.164 Y67.693 Z49.500 F9000
G1 X152.705 Y69.540 Z49.313 F9000
G1 X155.111 Y71.558 Z49.125 F9000
G1 X157.370 Y73.740 Z48.937 F9000
G1 X159.472 Y76.075 Z48.750 F9000
G1 X161.406 Y78.550 Z48.562 F9000
G1 X163.162 Y81.154 Z48.375 F9000
G1 X164.733 Y83.874 Z48.188 F9000
G1 X166.110 Y86.697 Z48.000 F9000
G1 X167.286 Y89.609 Z47.812 F9000
G1 X168.257 Y92.596 Z47.625 F9000
G1 X169.017 Y95.644 Z47.438 F9000
G1 X169.562 Y98.737 Z47.250 F9000
G1 X169.890 Y101.861 Z47.062 F9000
G1 X170.000 Y105.000 Z46.875 F9000
G1 X169.890 Y108.139 Z46.688 F9000
G1 X169.562 Y111.263 Z46.500 F9000
G1 X169.017 Y114.356 Z46.312 F9000
G1 X168.257 Y117.404 Z46.125 F9000
G1 X167.286 Y120.391 Z45.938 F9000
G1 X166.110 Y123.303 Z45.750 F9000
G1 X164.733 Y126.126 Z45.563 F9000
G1 X163.162 Y128.846 Z45.375 F9000
G1 X161.406 Y131.450 Z45.188 F9000
G1 X159.472 Y133.925 Z45.000 F9000
G1 X157.370 Y136.260 Z44.813 F9000
G1 X155.111 Y138.442 Z44.625 F9000
G1 X152.705 Y140.460 Z44.437 F9000
G1 X150.164 Y142.307 Z44.250 F9000
G1 X147.500 Y143.971 Z44.062 F9000
G1 X144.727 Y145.446 Z43.875 F9000
G1 X141.857 Y146.723 Z43.688 F9000
G1 X138.906 Y147.798 Z43.500 F9000
G1 X135.886 Y148.663 Z43.312 F9000
G1 X132.814 Y149.316 Z43.125 F9000
G1 X129.704 Y149.753 Z42.938 F9000
G1 X126.570 Y149.973 Z42.750 F9000
G1 X123.430 Z42.562 F9000
G1 X120.296 Y149.753 Z42.375 F9000
G1 X117.186 Y149.316 Z42.188 F9000
G1 X114.114 Y148.663 Z42.000 F9000
G1 X111.094 Y147.798 Z41.812 F9000
G1 X108.143 Y146.723 Z41.625 F9000
G1 X105.273 Y145.446 Z41.438 F9000
G1 X102.500 Y143.971 Z41.250 F9000
G1 X99.836 Y142.307 Z41.063 F9000
G1 X97.295 Y140.460 Z40.875 F9000
G1 X94.889 Y138.442 Z40.688 F9000
G1 X92.630 Y136.260 Z40.500 F9000
G1 X90.528 Y133.925 Z40.312 F9000
G1 X88.594 Y131.450 Z40.125 F9000
G1 X86.838 Y128.846 Z39.937 F9000
G1 X85.267 Y126.126 Z39.750 F9000
G1 X83.890 Y123.303 Z39.562 F9000
G1 X82.714 Y120.391 Z39.375 F9000
G1 X81.743 Y117.404 Z39.188 F9000
G1 X80.983 Y114.356 Z39.000 F9000
G1 X80.438 Y111.263 Z38.812 F9000
G1 X80.110 Y108.139 Z38.625 F9000
G1 X80.000 Y105.000 Z38.438 F9000
G1 X80.110 Y101.861 Z38.250 F9000
G1 X80.438 Y98.737 Z38.062 F9000
G1 X80.983 Y95.644 Z37.875 F9000
G1 X81.743 Y92.596 Z37.688 F9000
G1 X82.714 Y89.609 Z37.500 F9000
G1 X83.890 Y86.697 Z37.312 F9000
G1 X85.267 Y83.874 Z37.125 F9000
G1 X86.838 Y81.154 Z36.938 F9000
G1 X88.594 Y78.550 Z36.750 F9000
G1 X90.528 Y76.075 Z36.563 F9000
G1 X92.630 Y73.740 Z36.375 F9000
G1 X94.889 Y71.558 Z36.187 F9000
G1 X97.295 Y69.540 Z36.000 F9000
G1 X99.836 Y67.693 Z35.812 F9000
G1 X102.500 Y66.029 Z35.625 F9000
G1 X105.273 Y64.554 Z35.437 F9000
G1 X108.143 Y63.277 Z35.250 F9000
G1 X111.094 Y62.202 Z35.062 F9000
G1 X114.114 Y61.337 Z34.875 F9000
G1 X117.186 Y60.684 Z34.688 F9000
G1 X120.296 Y60.247 Z34.500 F9000
G1 X123.430 Y60.027 Z34.312 F9000
G1 X126.570 Z34.125 F9000
G1 X129.704 Y60.247 Z33.938 F9000
G1 X132.814 Y60.684 Z33.750 F9000
G1 X135.886 Y61.337 Z33.562 F9000
G1 X138.906 Y62.202 Z33.375 F9000
G1 X141.857 Y63.277 Z33.188 F9000
G1 X144.727 Y64.554 Z33.000 F9000
G1 X147.500 Y66.029 Z32.813 F9000
G1 X150.164 Y67.693 Z32.625 F9000
G1 X152.705 Y69.540 Z32.438 F9000
G1 X155.111 Y71.558 Z32.250 F9000
G1 X157.370 Y73.740 Z32.062 F9000
G1 X159.472 Y76.075 Z31.875 F9000
G1 X161.406 Y78.550 Z31.687 F9000
G1 X163.162 Y81.154 Z31.500 F9000
G1 X164.733 Y83.874 Z31.312 F9000
G1 X166.110 Y86.697 Z31.125 F9000
G1 X167.286 Y89.609 Z30.937 F9000
G1 X168.257 Y92.596 Z30.750 F9000
G1 X169.017 Y95.644 Z30.562 F9000
G1 X169.562 Y98.737 Z30.375 F9000
G1 X169.890 Y101.861 Z30.188 F9000
G1 X170.000 Y105.000 Z30.000 F9000
G1 X125.000 Z97.500 F9000
G4 P400
G4 P1500
M400
M117 Prusawire - CoreXZ
RESPOND MSG="Prusawire - CoreXZ"
; end of demo - motors stay enabled so the gantry holds position
